receiver_upi_id,amount,amount_ratio,transaction_frequency,device_mismatch_flag,geo_location_flag,account_age,recipient_blacklist_status,past_fraud_flag,high_risk_time_flag,sender_trust_score,receiver_trust_score,merchant_category_encoded,transaction_type_encoded,fraud_reports,fraud_label
simran719@ubi,1267,4.11,9,0,0,53,0,1,0,1,5,3,0,27,0.5
9781618495@mahb,11338,4.24,5,1,1,175,0,0,0,2,2,2,0,24,0.5
9192832764@waicici,326,0.11,4,0,0,41,0,0,0,1,4,2,3,0,0.0
preeti43@mahb,4589,3.57,7,0,1,162,1,0,0,3,1,1,2,52,1.0
9784801845@axisbank,1810,1.02,9,1,1,71,1,1,0,4,1,0,0,90,1.0
9809570154@ubi,431,0.5,9,1,1,135,0,0,1,2,5,0,2,37,0.5
9346578713@ubi,77730,32.28,9,0,0,36,0,0,0,2,2,3,1,20,0.5
manoj83@upi,441,0.15,2,0,1,4,0,0,0,1,2,0,0,21,0.0
vandana@bob,92824,153.94,7,0,1,338,0,1,0,3,4,3,3,23,0.5
rani@pnb,56112,48.04,4,0,1,237,0,0,1,1,4,4,0,17,0.5
9009788208@icici,2930,1.21,5,1,0,233,1,1,1,4,5,3,1,71,1.0
manoj688@paytm,215,0.14,4,0,0,292,0,0,0,5,5,0,0,0,0.0
9498084124@axisbank,68,0.08,2,1,0,289,0,0,1,1,5,1,2,24,0.0
manoj@paytm,916,0.69,4,0,0,176,0,1,1,3,5,3,2,21,0.0
seema683@waicici,221,0.61,3,1,0,354,1,0,0,5,1,2,1,59,0.5
9733754330@bob,22485,35.02,7,1,0,91,1,0,0,1,2,2,3,58,1.0
poonam354@apl,481,0.37,6,1,1,143,1,1,0,5,4,4,2,73,1.0
9484656482@bob,1073,0.37,1,0,1,224,0,0,1,5,5,1,2,13,0.0
9214895134@ubi,239,0.11,5,1,1,1,0,0,1,3,2,3,2,51,0.5
deepa@pnb,368,0.13,10,0,0,244,0,0,0,1,4,3,1,14,0.0
9743487347@icici,4635,5.45,9,1,0,238,0,0,0,5,5,2,3,23,0.5
neha212@mahb,1751,1.13,2,1,0,277,0,1,1,2,2,1,3,53,0.5
9627298069@mahb,2297,1.28,7,0,1,153,1,1,0,4,5,4,1,70,1.0
9641708053@icici,27118,20.25,1,0,0,94,1,1,0,3,4,2,1,76,1.0
9124190496@okicici,289,0.17,3,0,0,319,1,0,0,2,2,3,0,41,0.5
manju@okhdfc,273,0.1,10,0,0,155,0,0,0,1,5,0,2,0,0.0
9379965075@pnb,26122,47.15,5,1,1,268,0,0,1,5,5,3,3,28,0.5
satish@canara,2477,2.09,5,1,0,306,0,1,1,5,1,4,1,60,0.5
sachin25@waicici,3209,2.21,8,0,1,189,0,0,1,5,5,2,3,18,0.0
ankit47@kotak,152,0.06,9,0,0,302,0,0,1,5,3,0,1,8,0.0
sonia831@icici,59,0.02,6,1,0,226,0,0,1,2,1,2,3,39,0.5
aakash@pnb,157,0.15,8,0,0,195,0,1,0,4,3,4,3,34,0.5
9936183242@icici,2816,2.19,8,0,0,305,0,0,1,3,1,1,2,33,0.5
meera96@mahb,44192,29.07,5,0,0,240,0,1,1,4,3,4,3,43,0.5
9256746807@icici,326,0.21,8,0,1,334,0,0,0,3,2,4,3,16,0.0
ankit44@kotak,2036,0.91,9,1,1,207,1,1,0,1,5,3,3,90,1.0
9274846773@paytm,64725,97.48,10,1,1,323,0,1,0,2,2,2,0,50,1.0
rani52@waicici,88005,39.91,7,0,1,142,1,0,0,3,5,2,0,44,1.0
ravi74@ybl,75302,26.24,10,1,1,123,1,1,0,4,2,3,0,80,1.0
sunil72@hdfc,47587,16.07,7,0,1,74,0,0,1,2,1,3,2,35,1.0
rohit251@mahb,8014,5.72,2,0,0,223,0,1,0,1,4,1,2,23,0.0
9748217594@okhdfc,4277,1.46,10,0,0,196,0,0,0,2,4,4,1,0,0.0
ganesh97@hdfc,51437,17.76,2,1,1,248,1,1,0,2,4,4,2,84,1.0
9562328588@iob,159,0.22,10,1,1,98,0,0,1,3,2,0,0,28,0.5
sunita57@iob,441,0.24,2,0,1,174,0,1,1,4,1,1,1,38,0.5
9471138267@oksbi,4303,5.57,9,1,1,318,0,0,0,3,5,1,0,11,0.5
9506431713@sbi,228,0.13,7,1,0,316,1,1,0,3,1,2,1,85,1.0
rohit134@pnb,26532,10.05,2,0,1,106,0,0,0,5,2,4,1,6,0.5
vinod@paytm,27,0.06,10,0,0,122,0,0,0,3,1,1,2,13,0.0
shakti84@ybl,252,0.31,1,0,0,16,0,1,1,4,4,3,0,24,0.0
9565452711@icici,32119,17.52,2,1,1,360,0,1,1,5,2,3,3,59,1.0
naveen615@axisbank,31922,16.52,1,0,1,285,0,0,1,5,5,4,2,33,0.5
aakash850@sbi,4015,1.42,9,0,0,180,1,1,0,3,1,2,1,75,1.0
vikas49@ybl,751,0.43,3,0,1,93,0,1,1,5,4,0,1,45,0.5
rajesh96@mahb,311,0.14,2,0,0,26,0,0,0,3,4,3,3,0,0.0
9226838851@okicici,393,1.7,1,1,1,307,0,0,0,1,2,2,1,31,0.5
9751613696@apl,51366,56.88,10,0,1,161,1,0,1,4,5,3,3,75,1.0
rohit@kotak,97669,34.35,2,0,1,87,0,1,1,5,1,4,1,42,1.0
neha@canara,4102,2.85,8,0,0,297,0,1,1,5,5,2,2,45,0.5
sonia981@axisbank,836,0.55,2,1,1,147,0,0,0,1,5,4,3,29,0.0
9515186449@kotak,3554,2.24,8,1,0,225,0,0,0,5,5,4,1,21,0.0
9816850542@bob,47171,16.02,7,1,0,336,0,0,1,2,5,0,2,32,1.0
nikhil@paytm,3258,3.92,2,1,1,80,1,0,0,3,1,4,0,63,1.0
naveen58@apl,4342,1.71,5,0,1,313,1,1,0,4,2,4,1,80,1.0
9137506068@oksbi,1187,0.52,8,1,0,27,1,0,0,3,5,0,0,44,0.5
suresh@kotak,4370,2.15,2,0,1,164,0,0,1,3,2,1,0,35,0.5
rohit@oksbi,57,0.02,4,1,0,25,0,1,0,4,5,3,0,38,0.5
9515319520@oksbi,200,0.12,2,0,1,185,0,0,0,5,5,4,0,8,0.0
9874034505@iob,70682,30.59,2,1,0,70,0,1,1,4,1,2,1,50,1.0
9284511544@paytm,4753,9.09,6,0,1,198,0,1,1,2,4,3,2,45,1.0
9297021355@okicici,28809,9.66,10,1,0,181,0,1,1,4,3,0,0,39,1.0
preeti121@paytm,161,0.17,10,0,0,40,0,1,1,2,5,2,3,35,0.5
9258313237@sbi,3346,2.34,8,0,1,38,0,1,0,2,4,0,2,27,0.0
sudha697@kotak,394,0.26,2,1,1,45,0,1,0,3,4,3,3,52,0.5
mahesh26@canara,27676,52.92,3,0,0,266,1,1,0,3,2,1,2,64,1.0
9784473647@icici,47672,25.01,6,0,0,310,0,0,0,5,1,0,0,17,0.0
harish478@paytm,31130,13.48,6,0,0,105,0,1,1,5,2,2,2,43,1.0
pallavi@okicici,3061,1.33,10,0,0,197,0,0,0,4,2,1,2,10,0.0
pooja16@waicici,33241,19.58,8,1,0,145,0,0,1,5,4,2,0,36,1.0
9239868000@kotak,30814,19.4,9,0,1,231,0,1,0,3,5,4,0,37,1.0
ganesh@oksbi,2951,1.29,3,1,1,264,0,1,0,3,5,2,1,47,0.5
9623091307@ybl,370,0.13,1,1,0,353,0,1,1,5,4,2,1,55,0.5
ramesh351@iob,3162,2.13,8,1,0,314,0,1,0,1,2,4,1,31,0.5
9665240415@paytm,246,0.35,5,1,0,116,0,0,1,3,2,3,2,34,0.5
sanjay@kotak,125,0.11,9,1,1,139,1,0,0,3,2,0,1,57,1.0
nitin957@upi,2402,6.82,5,0,0,103,0,1,1,3,3,0,0,29,0.5
vivek42@pnb,456,0.69,2,0,1,309,0,0,0,3,3,3,3,14,0.0
harish458@canara,1281,1.05,7,0,1,328,0,1,0,4,5,2,0,20,0.0
9727956878@bob,354,0.32,8,0,1,61,0,1,0,3,2,3,2,33,0.5
ajay735@icici,294,0.13,2,0,0,289,0,1,1,1,5,4,1,34,0.5
mukesh@waicici,30948,28.34,10,1,0,234,0,1,0,1,5,3,2,38,1.0
ashok32@okicici,3592,1.23,3,0,0,93,0,1,0,4,3,3,3,31,0.0
9690331190@paytm,127,0.19,9,0,0,238,1,0,0,4,5,3,1,31,0.5
rohit@okhdfc,42845,28.32,4,0,0,277,0,0,1,1,2,4,2,13,0.5
ramesh@canara,4796,5.91,9,1,1,219,0,0,0,4,1,2,3,27,0.5
sachin53@hdfc,55181,32.1,9,0,1,286,1,0,1,2,4,1,2,54,1.0
9854678544@oksbi,4423,4.27,5,0,0,171,0,0,1,1,2,1,0,18,0.5
9423536937@waicici,289,0.11,4,1,1,164,0,0,1,3,3,3,0,42,0.5
rahul27@ubi,4941,9.8,3,1,1,181,0,1,1,2,5,3,1,61,1.0
9840862118@kotak,554,2.07,1,0,0,192,0,0,0,5,5,3,3,6,0.0
9016668700@pnb,24659,46.53,2,0,0,204,0,1,1,3,4,3,1,42,0.5
9250392614@pnb,94854,39.13,9,0,1,49,0,1,1,1,2,1,3,54,1.0
mamta31@paytm,2401,0.88,2,0,1,72,0,1,1,5,3,0,0,53,0.5
9265511047@oksbi,409,0.23,10,1,0,349,0,1,1,4,1,4,2,60,1.0
bharti13@okicici,14,0.01,9,1,0,230,0,0,0,5,5,3,0,25,0.0
seema739@bob,86,0.17,5,0,0,138,0,0,1,3,4,1,0,13,0.0
9375265479@ubi,172,0.11,6,1,0,203,0,0,1,5,4,2,3,31,0.5
9724342661@paytm,18739,38.8,4,1,1,289,0,1,1,5,5,1,0,65,1.0
9656101438@apl,3408,1.36,9,1,1,185,0,1,0,5,1,0,1,58,1.0
9254573875@upi,77261,140.22,10,0,1,348,0,1,1,5,2,2,0,39,1.0
sudha61@pnb,2498,1.61,2,0,1,23,0,1,1,1,3,0,1,51,0.5
ramesh192@bob,18486,40.54,8,0,1,102,0,1,0,5,4,3,0,40,1.0
9499125134@axisbank,27801,10.19,6,1,0,328,0,1,1,5,4,4,3,37,1.0
sunil67@hdfc,4902,2.22,10,0,1,71,0,0,1,4,4,1,3,21,0.0
9404384279@upi,213,0.65,9,1,0,197,0,1,0,5,4,3,3,47,0.5
sunita@mahb,2527,1.55,8,0,0,22,0,1,1,5,2,3,0,28,0.5
9812604223@kotak,71210,50.94,1,1,1,106,0,0,0,5,3,4,2,23,0.5
9590175186@bob,1262,0.74,5,1,0,324,0,1,1,4,4,3,0,46,0.5
9701277063@kotak,404,0.67,6,1,0,146,0,1,1,5,5,1,3,50,0.5
kavita@apl,3002,5.1,2,1,0,129,0,1,0,3,2,0,3,26,0.5
asha@icici,46,0.03,3,1,0,217,0,0,1,4,1,1,3,22,0.0
9523413899@canara,45,0.03,3,0,0,322,0,1,1,4,5,3,1,31,0.5
9269658271@sbi,124,0.5,1,0,1,152,0,0,0,2,4,3,0,13,0.0
pallavi@kotak,3795,1.39,7,0,0,31,0,1,0,5,3,4,3,18,0.0
asha@upi,950,1.03,1,1,1,123,0,0,1,2,1,3,0,31,0.5
sarita369@mahb,96682,34.9,2,1,1,138,0,0,1,1,3,3,2,26,0.5
ravi567@ubi,600,0.34,2,0,1,294,0,0,1,2,5,0,0,14,0.0
9451870534@mahb,53009,109.98,10,1,0,40,0,1,1,3,1,4,0,52,1.0
9506413836@upi,3859,1.38,4,1,0,253,0,1,1,5,2,1,0,58,0.5
9062344565@ybl,1282,0.71,9,0,0,119,0,1,0,4,3,3,0,16,0.0
pallavi@icici,231,0.14,10,1,1,70,1,0,0,1,2,0,1,80,1.0
9788317121@sbi,263,0.29,3,0,1,168,1,0,0,1,2,2,3,46,0.5
9510702966@upi,1028,1.41,2,0,0,191,1,0,0,5,5,2,0,32,0.5
anita393@bob,2513,1.02,5,0,1,96,0,1,0,3,4,1,0,37,0.5
9078593213@ubi,1973,6.17,6,0,0,249,0,1,1,5,5,2,3,45,0.5
9784270103@ubi,731,0.29,3,1,0,89,0,0,1,2,5,2,2,16,0.0
9156915452@pnb,96182,147.07,3,0,1,104,1,0,1,3,2,2,0,72,1.0
9690295939@axisbank,194,0.94,10,1,1,288,0,1,0,3,2,4,1,58,1.0
rahul50@okhdfc,136,0.11,3,1,0,164,0,1,0,1,3,3,0,49,0.5
rekha@icici,232,0.18,2,0,1,193,0,1,1,4,5,1,1,33,0.5
9844431069@waicici,3212,1.3,3,0,1,335,0,1,0,5,4,1,0,45,0.5
9467741862@oksbi,14,0.03,5,1,0,45,0,0,1,5,4,1,0,27,0.0
9938068687@mahb,78,0.03,8,1,1,226,0,0,1,3,2,2,0,39,1.0
suresh@kotak,60955,61.63,9,0,1,18,0,1,0,5,5,4,1,24,0.5
rohit85@axisbank,601,0.31,9,1,1,204,0,0,0,3,3,4,3,17,0.0
9065307450@ybl,20,0.01,7,0,0,136,1,1,1,4,5,4,3,81,1.0
nisha62@upi,3128,1.1,2,1,1,351,1,1,1,2,2,2,3,88,1.0
9345786103@oksbi,89,0.04,7,1,0,260,0,0,0,2,5,4,0,1,0.0
9346800722@sbi,8253,7.66,6,1,1,180,0,0,1,2,3,0,2,31,1.0
9589944171@ybl,4765,20.72,6,0,1,193,0,1,1,4,3,1,3,50,1.0
9744666099@bob,965,0.32,5,1,1,334,0,1,1,2,2,4,1,50,1.0
9353465549@canara,99998,33.51,9,1,0,88,0,1,1,2,3,0,3,44,1.0
9223569725@pnb,1481,0.78,10,1,0,299,1,1,0,5,1,3,1,69,1.0
mukesh989@sbi,296,0.15,1,0,1,30,0,1,0,4,3,1,1,44,0.5
vijay844@canara,356,0.16,4,0,0,272,1,1,0,1,1,1,1,76,1.0
vinod@okicici,2337,0.89,6,1,1,251,0,1,0,2,2,3,0,52,0.5
9046184992@okhdfc,4983,4.79,1,1,0,11,0,0,0,1,4,3,3,24,0.0
9753001197@kotak,184,0.08,4,0,0,255,0,1,0,5,2,2,1,22,0.0
rajesh@kotak,417,0.14,5,0,0,234,0,0,1,3,4,0,0,12,0.0
rekha26@hdfc,34919,16.18,2,0,1,138,1,1,1,3,3,1,0,99,1.0
9167014508@mahb,97662,132.87,8,0,0,348,0,1,1,2,5,3,2,35,1.0
9535408386@okicici,38132,43.48,8,0,1,128,0,0,1,3,4,1,0,14,0.5
meera87@canara,645,0.26,2,0,0,230,0,1,1,4,4,2,0,39,0.5
savita850@waicici,367,0.13,8,0,1,115,1,1,1,3,5,4,3,77,1.0
manju91@mahb,19128,19.52,2,1,0,210,0,0,0,3,5,1,1,22,0.0
brijesh51@okicici,4664,6.43,9,0,1,3,1,1,0,1,5,3,3,63,1.0
ajay47@oksbi,4987,2.02,8,1,0,151,1,1,1,2,2,3,2,96,1.0
neha@canara,450,0.26,8,0,0,288,0,1,0,5,5,3,2,14,0.0
9666580043@paytm,20571,14.93,1,1,0,278,0,0,1,3,4,0,1,34,0.5
9405720259@hdfc,832,1.14,2,0,1,91,0,0,0,2,2,4,0,11,0.0
nisha680@oksbi,4638,2.5,9,1,1,163,0,1,0,2,2,4,0,38,1.0
naveen26@apl,491,0.74,8,1,0,178,0,1,0,2,5,4,1,32,0.5
9361386120@paytm,4907,4.62,6,1,1,99,1,0,1,5,1,0,1,89,1.0
sunita10@icici,3678,2.46,9,1,0,129,0,0,0,1,5,1,2,0,0.0
krishna816@kotak,3736,1.57,5,0,0,352,0,1,0,5,1,2,3,25,0.0
geeta227@bob,2220,0.78,10,1,1,3,0,0,0,5,4,4,0,28,0.0
shakti72@upi,372,0.13,5,0,0,38,0,0,1,1,3,0,1,11,0.0
9577754781@pnb,127,0.08,6,1,1,187,0,1,0,4,2,0,2,40,0.5
santosh@oksbi,63943,26.0,2,0,1,321,0,0,0,1,1,4,0,16,0.5
nitin82@kotak,340,0.15,2,1,0,262,0,1,0,4,3,4,0,28,0.0
simran23@apl,343,0.17,2,1,1,119,0,0,0,3,3,1,0,15,0.0
9908272318@iob,499,0.31,10,1,1,188,0,0,1,1,5,2,3,35,0.5
pooja83@pnb,4422,1.55,4,0,0,61,0,0,0,4,3,0,3,7,0.0
rajan28@pnb,2822,1.32,9,0,0,93,0,0,0,4,5,4,0,5,0.0
hemant88@hdfc,2157,2.66,4,1,0,36,0,1,1,4,4,1,0,51,0.5
9599162473@icici,448,0.21,1,0,0,277,1,1,0,4,5,3,2,75,1.0
9448695946@bob,193,0.23,10,1,1,4,0,1,0,5,1,4,0,51,1.0
9213865890@pnb,1631,0.8,5,1,1,248,0,0,1,3,5,2,3,45,0.5
9490277038@canara,1155,0.63,7,1,0,308,0,0,0,1,1,2,1,27,0.0
vijay21@canara,400,0.15,4,0,0,185,0,0,0,1,2,0,2,2,0.0
rajesh823@waicici,3835,1.7,8,1,1,100,0,1,0,4,5,0,2,39,0.5
9565880434@icici,2612,2.37,8,1,1,174,0,1,1,4,5,0,3,61,1.0
seema857@kotak,256,0.2,4,1,1,182,0,0,0,5,3,1,1,20,0.0
radha16@okhdfc,61984,27.03,1,0,0,278,0,0,1,4,3,4,2,12,0.0
trilok@waicici,353,0.14,8,1,0,90,1,1,1,1,5,3,2,73,1.0
radha@iob,215,0.23,6,1,0,176,1,1,1,2,4,3,1,90,1.0
ganesh@pnb,69,0.03,8,0,1,77,0,1,0,1,2,3,3,35,0.5
9399824558@upi,2611,1.59,8,0,0,50,1,1,1,3,3,2,2,85,1.0
9496475987@okhdfc,435,0.29,3,1,0,75,0,1,1,3,4,4,3,42,0.5
suresh43@kotak,1282,4.18,5,0,0,339,0,0,0,1,2,1,3,20,0.0
santosh44@paytm,48486,31.65,8,0,1,146,0,1,0,2,2,4,1,41,1.0
rahul536@canara,413,0.33,9,0,0,328,0,1,1,3,3,3,1,28,0.0
9663416389@iob,97,0.11,5,1,0,221,0,1,1,5,2,0,2,58,0.5
deepa@paytm,140,0.35,3,1,1,94,1,1,0,3,1,3,3,95,1.0
krishna74@pnb,26643,33.39,6,0,0,112,0,0,0,4,3,3,2,0,0.0
9452088147@canara,93647,43.84,7,0,1,128,0,1,0,4,2,0,1,38,1.0
9792513271@ybl,300,0.81,7,0,1,121,1,0,0,3,1,1,2,66,1.0
pooja66@canara,4093,2.46,3,0,0,55,0,1,0,4,2,2,2,39,0.5
divya58@pnb,34450,14.25,5,1,0,240,0,0,1,5,5,1,0,21,0.5
yogesh@kotak,393,0.14,9,0,1,338,0,0,1,4,2,4,3,26,0.5
9170586509@iob,3501,13.84,1,0,0,51,0,0,0,5,4,3,2,0,0.0
9861957612@pnb,98,0.04,2,0,0,266,1,1,0,1,2,4,3,61,1.0
9457760049@sbi,3149,2.93,9,1,1,162,1,0,1,3,3,3,3,76,1.0
9334419693@icici,49,0.04,6,0,1,110,1,0,1,1,3,4,1,65,1.0
9661390604@apl,53664,34.2,10,1,1,354,1,0,1,1,5,2,0,71,1.0
ankit562@icici,114,0.07,3,0,1,114,0,0,1,1,4,3,0,14,0.0
rajan434@bob,125,0.05,8,1,1,102,0,0,0,4,5,1,1,12,0.0
9392405147@upi,23,0.04,10,1,1,180,0,0,1,4,5,1,3,23,0.5
neha35@iob,88207,37.42,5,0,1,268,0,0,0,5,4,4,1,3,0.0
9812387800@ubi,119,0.08,6,0,1,139,0,0,0,1,1,2,3,23,0.0
9432562168@ubi,257,0.14,6,1,1,10,0,1,1,3,3,2,1,44,0.5
pushpa932@kotak,1635,1.59,6,1,0,310,1,0,1,4,5,1,1,54,0.5
9994999393@ubi,227,0.24,1,0,1,75,0,0,0,3,4,3,2,2,0.0
9463331279@upi,243,0.13,8,0,1,310,0,0,1,3,2,3,3,40,0.5
krishna15@okicici,34596,92.75,10,1,1,22,0,0,1,4,3,3,0,31,1.0
umesh33@waicici,946,0.33,5,0,0,156,0,1,1,4,2,3,2,40,0.5
kamla@apl,47505,67.29,8,0,1,92,0,1,1,5,2,3,0,38,1.0
9123094077@upi,92,0.05,6,1,0,88,0,1,1,5,2,1,1,45,0.5
neha@kotak,4983,4.75,8,0,1,244,0,0,0,4,4,0,0,3,0.5
heena@okhdfc,73605,126.69,3,0,1,214,0,1,0,2,3,4,1,48,0.5
9794695489@oksbi,357,0.13,6,0,1,141,0,1,0,5,4,4,1,38,0.5
9660558303@canara,4308,4.11,4,0,1,313,0,1,1,3,2,0,0,61,1.0
hemant14@kotak,371,0.23,1,1,0,166,0,1,1,1,3,2,3,55,0.5
9512405682@mahb,4889,3.14,1,1,0,212,0,1,1,5,3,4,2,59,1.0
nitin@bob,29352,20.4,1,1,0,162,0,0,1,3,4,0,3,18,0.5
9307681040@icici,14390,6.22,4,0,1,79,1,0,1,3,4,4,2,73,1.0
sunita@iob,165,0.11,5,1,1,338,0,0,0,1,5,2,1,34,0.5
sneha@axisbank,25406,10.52,6,0,0,282,0,0,0,3,2,2,1,10,0.0
9792171747@upi,17985,7.54,10,1,0,361,0,0,1,5,4,4,2,14,0.5
ashok@apl,16,0.01,3,0,0,201,1,0,1,3,3,3,3,49,0.5
nikhil606@mahb,60421,34.1,5,0,1,37,0,0,1,5,4,3,3,14,0.5
9965701329@sbi,167,0.09,10,1,0,365,0,0,0,4,1,4,3,10,0.0
9986240580@sbi,97041,60.27,8,0,0,296,0,1,1,2,2,2,2,28,0.5
bharti864@kotak,4065,1.9,10,1,0,360,0,1,0,4,3,3,3,28,0.0
sarita435@okicici,3906,2.01,3,1,0,9,0,0,0,4,4,1,0,21,0.0
heena116@icici,475,1.34,8,1,0,296,0,0,1,2,5,2,3,28,0.0
hemant588@oksbi,27514,12.98,2,0,1,313,0,1,0,2,4,0,2,36,0.5
9047128144@kotak,1885,1.35,5,1,1,306,0,0,0,5,3,0,3,39,0.5
ravi@kotak,414,0.44,3,1,1,310,0,1,0,5,2,3,2,61,1.0
ramesh58@okicici,329,0.18,3,1,1,327,0,1,0,2,5,2,0,45,0.5
9454414967@ubi,73188,37.19,7,1,1,230,0,0,1,3,5,0,0,39,1.0
sneha@bob,269,0.2,1,0,1,345,0,0,1,1,1,3,0,26,0.0
tanvi789@pnb,4325,3.25,10,0,0,332,0,0,0,2,1,1,2,22,0.5
poonam88@axisbank,252,0.11,5,0,1,31,0,0,1,3,2,3,0,19,0.0
krishna10@upi,335,0.41,5,1,1,293,0,0,0,4,1,3,1,40,0.5
vandana83@bob,2980,1.05,7,1,1,2,0,1,0,4,1,4,2,40,1.0
vijay79@canara,377,0.14,2,0,0,200,0,1,0,3,4,0,3,19,0.0
9707903202@hdfc,4895,9.89,1,1,1,173,0,0,0,4,1,1,3,19,0.5
shruti@ybl,32932,11.06,2,1,0,33,1,1,0,1,4,4,1,74,1.0
vikas@sbi,225,0.08,3,0,0,141,0,0,1,4,2,2,1,25,0.0
9914560833@axisbank,2459,0.93,3,0,0,244,0,0,1,2,2,2,3,11,0.0
9054364597@hdfc,1722,2.02,4,0,1,338,0,0,1,3,1,1,0,39,0.5
9531363631@upi,3170,2.07,9,0,0,249,0,0,0,1,1,1,3,5,0.0
nikhil583@kotak,73500,71.5,8,1,0,313,0,1,0,2,4,2,1,32,1.0
9740633569@ubi,10667,4.84,4,0,1,176,0,1,1,3,5,1,1,36,1.0
rajan@oksbi,246,0.1,9,0,0,241,0,1,0,1,4,4,3,36,0.5
9570165804@okhdfc,35393,19.03,3,1,0,157,0,0,0,4,5,4,0,5,0.0
9183253817@mahb,188,0.21,9,1,0,29,0,0,1,3,1,0,3,38,0.5
9847951371@icici,4206,5.99,7,0,0,258,1,1,1,3,1,0,2,83,1.0
manju@canara,77298,31.98,2,1,0,142,0,1,0,2,4,1,1,26,0.5
9424375402@oksbi,4843,1.92,6,0,0,267,1,0,0,4,5,2,2,34,0.5
preeti14@ybl,60,0.05,3,1,1,147,0,0,0,2,2,1,1,27,0.0
9885474929@paytm,80018,95.37,9,1,0,84,0,1,1,3,1,0,3,38,1.0
9343018718@okicici,229,0.08,2,1,0,283,0,1,0,3,1,3,1,34,0.5
lalit760@canara,191,0.09,7,0,1,185,1,1,0,2,4,2,3,79,1.0
rahul420@okhdfc,54332,20.75,2,0,1,307,1,1,0,2,2,2,3,90,1.0
9244714627@ubi,2989,2.67,5,0,1,196,0,0,0,5,4,0,2,2,0.0
radha@mahb,2612,3.79,10,0,0,35,1,1,1,3,5,3,3,71,1.0
karan22@pnb,215,0.08,6,0,0,70,1,1,1,2,1,2,2,70,1.0
vandana@bob,1677,0.97,6,1,1,353,0,1,1,1,5,4,2,64,1.0
9524013223@canara,14110,5.33,2,0,0,40,0,0,0,2,1,3,2,14,0.0
pramod45@sbi,1383,3.13,2,0,0,58,0,0,0,1,4,3,0,7,0.0
lokesh11@bob,1815,0.8,1,0,0,180,0,0,0,1,2,2,2,14,0.0
rajan@paytm,73253,37.82,4,0,1,51,1,0,0,5,4,2,1,48,1.0
9463175207@axisbank,2823,1.4,1,0,0,286,0,1,1,1,3,3,0,31,0.5
mukesh743@mahb,2130,1.15,10,1,1,206,0,0,0,1,2,0,2,19,0.5
ankit851@sbi,1500,0.54,8,1,1,208,0,1,1,5,3,1,3,48,1.0
santosh@okhdfc,2904,2.28,2,0,1,320,0,1,0,1,5,3,3,37,0.5
9978897782@apl,453,0.25,8,0,1,227,1,1,1,1,1,1,2,93,1.0
9561655650@ubi,15,0.01,10,0,1,194,0,1,1,3,3,2,0,34,0.5
manju12@upi,3171,1.64,5,0,0,34,1,1,0,1,3,1,0,72,1.0
kavita@canara,258,0.13,8,0,1,51,0,1,1,1,2,2,3,42,1.0
9484685366@iob,1051,0.99,2,1,0,320,0,1,1,5,1,4,2,49,0.5
shruti784@okhdfc,479,0.6,8,1,0,110,0,0,0,3,5,4,3,7,0.0
poonam@bob,123,0.08,3,1,0,147,0,0,1,3,5,1,3,24,0.0
9162319818@mahb,29,0.06,9,0,1,143,0,0,0,2,1,3,0,21,0.0
chanda72@oksbi,112,0.08,6,1,1,161,0,0,0,5,4,1,3,26,0.0
bharti91@oksbi,785,0.27,3,0,1,143,0,1,1,3,4,2,2,39,0.5
9417765612@iob,108,0.04,5,0,0,202,0,1,1,3,1,1,2,41,0.5
yogesh@okhdfc,206,0.38,1,0,1,15,0,1,1,2,4,1,0,35,0.5
amit81@ubi,16920,6.67,10,1,1,352,0,1,0,3,3,1,0,41,1.0
9677133344@upi,61149,89.92,1,0,1,87,0,0,1,4,5,3,2,10,0.5
9710725636@okhdfc,2877,2.36,4,1,0,145,0,1,0,4,2,3,1,37,0.5
preeti@iob,3,0.0,8,1,0,121,0,0,0,3,5,4,0,21,0.0
poonam43@iob,13380,9.91,9,0,1,163,0,1,1,4,2,2,0,59,1.0
9617075877@upi,77,0.06,3,1,1,252,0,0,1,5,4,0,1,27,0.0
9150416591@ybl,299,0.58,3,0,0,146,0,0,1,2,5,2,1,7,0.0
9923045018@okicici,90787,59.34,8,0,0,338,1,0,1,4,3,4,0,67,1.0
satish65@canara,23673,8.22,2,0,1,205,0,1,0,1,2,1,3,30,0.5
sarita69@ubi,47,0.02,8,0,1,251,0,0,1,4,4,2,3,25,0.0
pooja23@okhdfc,431,1.09,8,0,1,41,0,0,1,3,2,1,2,33,0.5
9779452321@iob,92,0.06,2,1,0,300,0,1,1,5,1,0,3,48,0.5
priya@bob,3455,2.4,3,0,1,7,0,0,0,4,4,3,3,4,0.0
9770793349@okicici,76,0.09,9,0,0,224,0,1,0,2,1,2,3,41,0.5
9730806958@icici,4493,1.66,7,0,1,222,0,0,0,4,5,4,2,21,0.0
9597246657@pnb,2074,0.91,6,1,1,331,0,1,0,4,4,0,1,39,0.5
usha@pnb,483,1.23,3,0,1,103,0,0,1,5,4,0,3,12,0.0
9910771199@axisbank,175,0.21,2,0,0,117,0,1,1,5,2,3,2,48,0.5
9760375482@icici,376,0.49,3,0,0,186,1,0,0,3,4,4,3,35,0.5
9072081155@okicici,32093,13.87,3,1,1,126,0,1,1,5,4,1,1,67,1.0
9504892673@waicici,3793,2.62,3,0,1,339,0,0,1,5,1,4,2,41,0.5
divya@waicici,267,0.11,1,1,1,44,1,1,0,5,3,3,1,83,1.0
vandana84@waicici,891,0.35,1,1,0,57,1,1,1,3,3,4,2,97,1.0
mukesh@icici,43166,25.71,3,0,1,294,0,1,1,4,5,1,0,44,1.0
9762282772@apl,2660,1.33,6,0,1,40,0,0,1,5,4,4,3,34,0.5
pallavi384@upi,57,0.02,9,0,0,81,0,1,1,3,1,4,3,32,0.5
9975679228@paytm,27849,14.58,5,0,0,157,0,0,1,2,2,3,0,21,0.5
rekha13@canara,8002,5.99,10,1,1,320,0,0,1,4,4,1,3,42,1.0
9971895690@upi,338,0.32,4,0,0,268,1,0,0,4,5,0,0,37,0.5
pallavi62@pnb,51,0.04,6,0,1,271,0,1,0,4,3,0,0,48,0.5
brijesh601@apl,74609,107.35,7,0,1,153,0,0,0,1,3,1,3,5,0.5
preeti668@mahb,2414,0.93,7,1,0,284,0,1,0,1,4,0,3,43,0.5
9200749465@bob,7738,2.82,6,1,1,73,0,0,0,5,2,1,3,25,0.0
9743553795@sbi,94702,33.81,2,1,0,203,0,0,0,2,5,2,3,8,0.0
sunita58@oksbi,276,0.85,3,0,0,345,1,1,0,4,5,3,3,71,1.0
9337504793@sbi,17550,6.36,8,1,0,99,0,0,0,1,2,0,2,15,0.5
9430894870@okhdfc,34,0.01,3,0,1,253,0,0,1,5,2,4,1,23,0.0
krishna@mahb,68214,28.66,9,0,1,349,0,1,1,4,4,2,0,46,1.0
9317350583@icici,4431,1.6,3,0,0,101,1,1,0,3,3,0,0,64,1.0
neha573@okicici,4120,2.09,1,1,0,32,0,1,0,4,3,0,1,26,0.0
9785931109@icici,408,0.14,10,1,0,338,1,1,0,1,4,3,3,83,1.0
lokesh@kotak,1545,0.54,8,0,0,318,0,1,1,2,2,1,0,50,0.5
9153779599@ybl,260,0.25,9,1,1,5,0,1,1,5,2,0,1,66,1.0
9362050150@waicici,2246,1.44,8,1,1,22,0,1,0,2,1,1,1,63,1.0
ritu23@axisbank,1926,1.21,6,0,0,300,0,1,1,1,1,1,1,45,0.5
manoj@waicici,39532,84.65,5,0,0,108,0,1,0,4,2,2,2,19,0.5
9973179128@okicici,405,0.3,1,1,1,126,1,1,1,5,5,1,2,84,1.0
9736346692@oksbi,3784,3.61,9,1,1,192,0,1,0,4,4,3,2,39,1.0
9546027341@oksbi,3255,1.74,6,1,0,266,0,0,0,2,5,0,3,11,0.0
vimla142@sbi,171,0.06,2,0,1,51,1,0,1,1,3,0,1,62,1.0
9775153663@paytm,117,0.04,1,1,1,297,1,1,1,4,5,1,3,100,1.0
amit@kotak,32899,13.7,5,1,0,66,0,1,0,1,4,2,2,31,0.5
9097023164@bob,169,0.27,9,1,1,33,1,1,0,4,2,3,0,97,1.0
9323467299@canara,1407,2.93,1,0,1,266,0,0,1,2,3,3,3,26,0.0
9475469263@pnb,3194,1.25,8,0,1,74,0,1,0,1,4,4,1,23,0.0
mahesh@axisbank,93690,86.03,7,1,1,49,0,1,0,1,2,1,2,51,1.0
asha95@paytm,196,0.81,1,1,1,260,0,1,0,4,1,0,3,46,0.5
9210427523@hdfc,88,0.12,8,1,1,125,0,0,0,2,4,2,1,29,0.0
manju29@bob,396,0.34,8,0,1,158,0,0,0,1,5,0,0,6,0.0
nisha109@pnb,63573,34.97,7,0,0,23,0,0,0,5,1,2,2,11,0.5
9189241956@kotak,23,0.01,4,0,1,235,0,1,0,1,3,4,2,39,0.5
mukesh41@icici,608,0.86,10,1,0,10,0,1,1,5,4,3,1,41,0.5
9640355338@hdfc,379,1.05,7,0,0,78,0,1,1,2,1,1,3,44,0.5
9338167423@ubi,27,0.01,1,0,0,323,0,1,1,1,4,0,1,39,0.5
9270661498@kotak,3594,1.58,4,1,0,230,0,0,1,3,4,0,2,31,0.5
umesh748@okicici,171,0.18,7,0,1,146,0,1,1,5,5,3,0,30,0.5
9587506633@upi,1830,1.47,10,1,1,329,0,1,1,1,4,0,0,66,1.0
9183626448@waicici,1456,0.82,3,0,1,234,0,0,0,3,2,4,1,18,0.0
aditi428@canara,5420,26.31,6,1,1,294,0,1,0,2,3,1,3,37,1.0
9467912141@okicici,231,0.24,4,1,0,69,0,0,1,4,2,4,0,41,0.5
rahul87@iob,48602,131.0,8,0,1,121,0,0,1,4,1,0,0,21,0.5
9620918435@paytm,28332,133.64,6,1,1,350,0,1,1,3,2,2,3,60,1.0
hemant@okicici,4469,8.38,1,1,1,165,1,0,0,3,1,2,3,69,1.0
aakash@okhdfc,1447,1.21,5,1,0,45,0,0,0,5,4,1,3,8,0.0
9668633414@icici,19667,7.39,5,0,0,113,0,1,1,4,1,1,3,30,0.5
9552899316@sbi,513,0.53,10,0,0,60,0,1,0,3,2,2,3,28,0.0
9973746052@bob,383,0.54,8,1,1,256,1,0,1,2,5,2,1,68,1.0
9438612590@canara,217,0.44,3,0,0,154,0,0,1,1,5,3,2,16,0.0
9015720185@mahb,186,0.1,3,1,0,150,0,0,1,2,2,1,0,37,0.5
karan669@sbi,335,0.16,7,1,0,124,0,1,0,4,3,4,1,44,0.5
radha129@icici,141,0.05,9,0,0,343,0,0,0,2,1,4,3,20,0.0
preeti@hdfc,386,0.15,9,0,1,275,0,0,1,4,1,4,0,40,0.5
pooja969@waicici,77725,26.85,2,0,0,18,0,0,0,1,5,2,2,0,0.0
9983954296@icici,340,0.24,10,1,0,181,0,1,1,5,5,1,0,36,0.5
9892625660@ubi,2706,1.57,5,1,1,43,0,1,0,4,2,4,1,54,0.5
9361128497@axisbank,399,0.66,2,0,1,209,0,0,0,3,1,2,2,20,0.0
pankaj@oksbi,1545,1.85,6,1,1,88,1,1,0,4,2,2,3,97,1.0
9111312901@canara,25000,17.23,8,0,1,182,0,1,0,5,3,2,3,37,1.0
9890972832@icici,559,0.35,9,1,0,264,0,1,0,1,4,0,1,29,0.0
karan@canara,426,0.3,3,1,0,195,0,1,0,3,1,2,1,36,0.5
suresh@okhdfc,3,0.0,8,0,1,316,0,1,0,3,3,2,0,37,0.5
9722560531@bob,16939,26.26,4,0,1,129,0,0,0,4,4,2,2,16,0.0
lata@axisbank,3949,1.32,1,1,0,170,0,0,1,2,2,3,2,38,0.5
9823414363@upi,4433,2.27,4,0,0,7,0,0,0,1,3,3,0,1,0.0
pallavi@ubi,219,0.54,7,0,0,68,0,0,0,1,3,1,1,6,0.0
ankit@canara,144,0.37,1,1,1,330,0,1,0,3,1,2,2,43,0.5
vinod85@oksbi,49758,67.88,6,1,1,252,0,0,1,3,3,0,0,34,1.0
hemant35@kotak,54907,20.08,3,0,1,55,0,0,1,5,1,0,1,28,0.5
brijesh@canara,4072,1.8,9,0,0,130,0,0,1,3,3,3,0,29,0.0
nisha@apl,288,0.3,9,0,0,273,0,0,1,1,2,3,3,6,0.0
ankit@waicici,2451,1.83,9,1,1,138,0,1,0,1,2,1,0,40,1.0
9240891649@waicici,46022,41.91,9,0,0,362,0,1,1,3,2,3,2,49,1.0
9239724042@pnb,1715,0.82,7,0,1,298,0,0,1,2,4,1,3,17,0.0
9023142900@axisbank,373,1.31,8,1,0,126,0,0,0,4,1,4,1,11,0.0
pooja106@axisbank,2497,0.9,8,1,0,289,0,0,0,2,3,2,3,21,0.0
naveen19@ybl,472,0.73,7,1,0,219,0,0,0,2,3,2,1,11,0.0
deepa73@oksbi,3983,1.44,7,0,1,92,0,0,0,5,3,4,1,13,0.0
manoj187@ybl,1051,0.78,6,1,0,76,0,0,0,2,4,3,3,6,0.0
lokesh63@mahb,4572,1.91,6,1,1,326,0,1,1,2,2,3,3,53,1.0
9633302126@sbi,31,0.04,6,0,0,9,0,0,1,5,4,1,0,19,0.0
geeta27@apl,188,0.07,8,1,1,38,0,0,0,5,2,0,1,29,0.5
mukesh68@iob,452,0.53,1,1,1,331,0,1,1,3,1,1,0,48,1.0
9775662056@bob,317,0.13,9,1,0,48,0,1,0,4,2,1,3,45,0.5
9034199097@hdfc,44132,30.1,1,1,0,172,0,0,0,2,3,1,0,10,0.0
umesh@sbi,3700,6.19,5,0,1,183,0,0,1,4,5,1,2,20,0.5
vandana459@canara,1653,0.61,8,1,1,350,0,0,1,1,1,1,1,48,1.0
sunil@icici,622,1.12,10,1,1,313,0,0,1,1,2,4,3,41,1.0
shakti@paytm,1650,0.98,8,1,1,364,0,1,0,3,4,2,3,41,0.5
ganesh@okicici,380,0.6,8,1,1,260,0,1,0,3,1,4,0,47,1.0
vimla37@upi,3751,8.08,8,1,0,274,0,1,1,1,1,1,0,48,1.0
amit976@iob,9089,4.25,3,0,1,241,0,1,0,2,3,4,0,30,0.5
9423567782@okhdfc,343,0.18,2,1,0,208,0,0,0,3,4,3,1,12,0.0
9648072791@hdfc,1732,1.16,10,1,1,342,0,0,0,5,2,2,2,19,0.5
9766558685@axisbank,6061,2.69,6,0,0,111,0,1,0,2,2,4,0,19,0.0
9110961798@axisbank,4083,6.74,3,0,1,305,0,1,1,5,4,3,2,34,1.0
9605384444@okhdfc,1519,0.53,9,1,0,233,0,1,1,4,1,1,3,60,1.0
9096262658@pnb,86420,87.38,6,0,0,79,0,1,0,5,5,2,2,29,0.0
9920981960@kotak,486,0.24,10,1,0,324,0,0,0,4,3,4,1,4,0.0
lokesh@paytm,395,0.5,5,1,1,114,0,0,0,2,5,1,3,30,0.0
shruti430@paytm,1324,0.6,2,0,0,93,0,0,1,1,4,2,1,22,0.0
9139080882@bob,4464,5.26,10,0,0,338,1,1,0,5,1,0,2,74,1.0
9768634234@okicici,1253,0.89,2,1,0,113,0,0,0,2,3,2,3,18,0.0
9517208496@canara,3111,1.59,7,0,1,250,1,0,0,4,4,4,2,48,0.5
priya@paytm,29377,41.97,7,1,1,166,0,0,0,2,3,1,0,14,0.5
9330770461@axisbank,1112,0.56,9,1,0,109,0,0,1,2,1,4,2,28,0.5
amit@okhdfc,31398,13.3,5,1,0,11,0,1,1,1,5,0,3,31,1.0
9103002156@ubi,92014,132.01,6,1,1,285,0,1,1,4,5,0,3,51,1.0
9422971252@mahb,25,0.01,1,0,0,276,0,0,1,1,3,0,0,29,0.0
9311703037@okicici,48,0.02,8,1,1,339,0,0,0,3,3,3,1,21,0.0
kamla89@bob,56924,51.94,9,0,1,303,0,0,1,5,3,2,3,25,0.5
hemant678@oksbi,449,0.22,5,1,0,352,0,0,1,5,1,1,3,23,0.0
9634362948@upi,28,0.01,7,1,0,78,0,0,1,5,4,4,2,24,0.0
9661347323@oksbi,123,0.04,2,1,0,113,1,0,0,1,1,4,2,70,1.0
9765024120@oksbi,162,0.08,10,1,1,359,0,0,0,4,3,1,1,18,0.0
ashok42@upi,387,0.25,1,1,0,24,0,1,0,5,3,1,1,38,0.5
9257039653@icici,139,0.07,6,1,1,155,1,1,0,5,5,3,0,77,1.0
lokesh533@axisbank,3357,2.52,9,0,1,348,1,0,1,4,5,1,2,59,1.0
nisha@hdfc,320,0.23,8,1,1,5,0,1,1,2,4,1,2,42,1.0
ritu@canara,403,0.73,1,1,1,1,0,0,1,3,2,2,2,48,0.5
9923426834@canara,472,0.24,7,0,0,348,0,1,1,4,4,0,2,43,0.5
preeti@kotak,3429,1.78,2,0,1,224,0,1,0,2,5,3,2,33,0.5
simran52@axisbank,548,1.3,5,1,0,290,0,1,0,1,4,1,3,24,0.0
pallavi737@bob,13939,4.94,9,1,1,300,0,1,0,1,2,4,1,40,1.0
geeta40@iob,243,0.35,9,0,0,62,0,0,0,1,2,1,0,5,0.0
anita59@axisbank,4435,1.7,3,1,0,95,0,1,0,2,2,4,1,41,0.5
priya55@apl,73247,34.62,2,1,1,235,0,1,0,5,4,0,2,55,1.0
hemant@mahb,54470,19.17,6,0,1,78,0,1,0,5,3,3,1,39,0.5
9312661094@axisbank,1370,1.19,2,1,0,207,0,1,1,1,1,1,1,62,1.0
vikas@icici,2136,0.72,3,0,0,16,0,1,1,3,1,3,3,37,0.5
ajay70@oksbi,97839,34.57,6,0,0,3,0,0,0,4,5,4,0,6,0.0
shweta945@oksbi,52,0.02,2,1,0,193,0,0,1,5,1,1,2,28,0.0
9400564350@kotak,40778,15.76,9,0,0,124,0,1,0,5,5,2,3,25,0.5
ravi@oksbi,81376,62.21,10,0,1,289,0,0,0,1,3,0,3,27,0.5
aditi@axisbank,350,0.2,1,1,1,29,0,1,0,2,5,4,3,52,0.5
neha@paytm,117,0.45,1,1,0,224,0,1,1,2,2,0,0,59,0.5
savita920@canara,246,0.1,4,0,1,336,0,0,1,3,2,4,3,22,0.0
mahesh216@kotak,362,0.48,9,1,1,278,0,0,1,1,1,2,3,44,1.0
pankaj@ubi,8913,5.03,8,0,0,11,1,1,1,1,3,2,3,79,1.0
9966018648@paytm,3254,10.43,5,0,1,339,0,0,1,1,5,2,0,20,0.5
girish42@sbi,4946,13.82,3,1,1,122,0,0,1,1,3,2,0,43,1.0
suresh88@ybl,36470,33.4,8,0,1,228,1,1,1,1,4,0,3,85,1.0
lalit@waicici,906,0.95,5,0,1,142,0,0,1,4,2,1,1,37,0.5
radha381@icici,56,0.11,9,0,0,181,0,1,1,1,5,1,2,27,0.0
vimla50@apl,319,0.39,6,1,1,185,0,0,0,4,3,3,2,32,0.5
sunil34@canara,1493,0.51,7,1,0,77,0,1,0,1,1,1,3,44,0.5
komal@mahb,41,0.02,2,0,1,162,0,0,1,2,4,3,2,32,0.5
9021648712@hdfc,4637,4.59,6,0,0,147,0,1,0,3,1,0,3,23,0.5
9101576764@upi,357,0.23,7,1,0,272,0,0,0,4,3,1,3,22,0.0
vandana82@apl,1947,3.27,10,0,0,304,1,0,0,3,4,3,2,39,1.0
lalit230@iob,295,0.43,3,1,1,92,0,1,1,1,2,3,2,55,1.0
radha66@kotak,492,1.61,9,0,0,283,0,1,0,2,1,4,0,29,0.0
vikas520@paytm,1454,1.31,8,1,1,222,0,0,0,3,1,1,2,41,0.5
hemant@upi,565,0.51,9,0,1,362,0,0,1,3,2,4,0,37,0.5
9357824347@upi,1959,0.72,1,1,0,110,1,0,0,4,1,3,1,60,0.5
aditi408@upi,3980,2.64,5,1,1,58,0,1,1,4,4,2,1,63,1.0
ankit72@ubi,31950,16.46,7,1,0,111,0,0,1,1,5,2,2,22,0.5
9558108358@bob,67,0.04,3,1,0,294,0,1,1,5,2,0,2,38,0.5
satish44@canara,7364,3.13,6,0,1,192,0,0,1,4,2,4,1,19,0.5
santosh@mahb,1105,0.58,7,0,0,64,0,0,0,4,2,2,0,0,0.0
9748836076@oksbi,4361,3.93,5,1,0,12,0,1,1,3,4,1,0,45,1.0
9379312697@apl,26786,49.42,8,0,1,119,0,0,0,3,4,4,0,5,0.5
laxmi@ybl,447,0.18,3,0,0,173,0,1,1,1,3,4,3,49,0.5
pushpa27@waicici,86,0.04,7,1,1,40,0,0,0,2,1,1,0,33,0.5
9589477352@pnb,1859,1.79,5,1,1,151,0,0,1,5,3,4,2,49,0.5
vikas54@waicici,356,0.79,2,1,0,241,0,1,1,1,3,1,1,53,0.5
9134249128@mahb,2586,2.51,10,0,1,219,0,0,0,3,3,4,3,6,0.0
lalit436@ybl,74,0.18,4,1,1,2,0,1,1,2,1,4,1,52,1.0
9687741865@pnb,64018,22.9,8,1,0,198,0,0,1,3,3,4,2,22,0.5
9515480940@iob,92,0.09,10,0,1,110,0,1,1,5,2,3,2,36,1.0
heena88@kotak,36027,14.8,10,1,1,30,0,0,1,1,4,4,3,47,1.0
9529580660@icici,4957,18.5,1,0,0,62,1,0,1,4,1,2,0,58,1.0
aditi89@icici,526,0.77,5,0,0,23,0,1,0,5,2,4,3,26,0.0
9240642429@ybl,21169,7.48,1,0,0,303,0,0,0,2,1,1,2,4,0.0
karan@mahb,251,0.09,5,1,0,91,1,0,1,3,4,2,0,68,1.0
9827279559@okicici,47,0.04,5,1,0,350,0,0,1,2,3,4,2,15,0.0
amit450@mahb,332,0.16,3,0,1,5,1,0,1,4,4,2,2,69,1.0
sneha@canara,2419,1.86,10,1,1,192,0,1,0,3,4,3,2,50,0.5
suresh@okhdfc,1854,1.82,2,0,0,28,0,0,1,3,2,2,3,11,0.0
arun397@kotak,358,0.17,6,0,0,82,0,0,1,1,4,4,3,24,0.0
9613273034@okhdfc,114,0.05,2,1,1,274,0,1,1,3,4,4,0,42,0.5
suresh97@axisbank,491,0.21,5,0,1,146,0,1,0,4,4,0,2,25,0.0
9785758512@okhdfc,217,0.08,7,1,0,260,0,0,1,4,1,3,3,21,0.5
brijesh703@okhdfc,223,0.1,10,1,0,363,0,0,0,3,2,4,3,20,0.0
9321812276@iob,326,0.93,7,1,1,183,0,0,1,1,4,2,2,39,0.5
geeta42@icici,72136,50.23,6,1,1,168,0,0,1,1,2,4,0,39,1.0
9248096244@sbi,99854,75.36,9,1,0,316,1,0,1,5,2,0,2,79,1.0
vimla68@okhdfc,114,0.25,5,1,0,141,0,0,1,4,5,2,0,29,0.0
9917851385@canara,108,0.06,6,1,1,164,0,1,0,4,2,3,3,37,0.5
9269116331@mahb,691,0.6,10,1,1,320,0,1,1,2,5,2,3,52,1.0
9888636774@paytm,3475,1.24,4,1,0,181,0,0,1,4,5,2,2,34,0.5
shakti20@mahb,3926,1.44,8,0,0,172,0,1,1,2,1,3,3,35,0.5
ritu331@icici,4688,3.97,8,1,0,321,0,1,0,1,3,0,3,29,0.5
9687616481@waicici,3213,6.61,8,0,0,309,0,1,1,2,2,3,0,26,0.5
9256523734@axisbank,11791,4.58,1,0,1,204,0,1,0,3,4,4,3,46,0.5
sneha57@oksbi,2612,3.38,6,1,0,134,0,1,1,3,4,2,3,36,1.0
lokesh13@apl,440,0.41,5,1,1,226,0,0,1,2,2,1,2,44,0.5
pankaj@ybl,47492,21.85,9,1,1,301,0,0,1,3,5,2,3,25,0.5
karan52@icici,599,0.35,2,0,1,312,0,0,0,2,3,3,3,25,0.0
sachin@apl,52636,40.87,4,1,0,127,0,0,1,3,2,1,1,33,1.0
santosh37@upi,164,0.3,8,1,0,298,0,0,0,4,1,4,0,23,0.0
sarita291@iob,3835,4.15,4,1,0,227,0,1,0,5,5,3,0,30,0.5
lalit91@waicici,16717,5.66,3,0,1,58,0,1,1,4,1,2,3,47,1.0
krishna@pnb,2958,3.55,5,0,0,257,0,0,0,3,5,3,0,0,0.0
9060652740@bob,171,0.07,8,1,1,135,0,1,1,3,3,1,2,56,1.0
vikas71@mahb,2261,1.71,7,0,1,219,0,1,1,3,5,4,1,33,0.5
kavita@kotak,328,0.24,10,1,0,311,0,1,1,4,1,0,0,41,1.0
9732573755@bob,14205,9.57,9,1,0,294,0,0,1,3,5,4,2,21,0.5
9587495119@icici,4696,14.19,7,1,1,211,0,0,0,4,4,0,0,28,0.5
pushpa98@okhdfc,456,0.16,2,0,0,98,0,0,1,4,3,3,3,22,0.0
tanvi206@mahb,2620,1.7,1,0,1,200,0,1,0,1,2,2,3,43,0.5
rakesh168@ubi,9539,8.35,1,0,0,52,0,0,0,5,5,0,1,11,0.0
sunita32@mahb,195,0.19,2,0,1,226,1,0,0,4,1,3,1,72,1.0
pankaj823@axisbank,47,0.07,6,0,0,310,1,0,0,3,4,1,1,46,0.5
9282270093@canara,9,0.01,5,1,1,334,0,1,0,2,1,3,3,43,0.5
9005070260@waicici,4575,2.65,3,1,1,266,0,0,1,2,3,0,1,32,0.5
9477425859@axisbank,238,0.09,2,1,0,115,0,0,0,4,1,0,3,33,0.5
sudha85@apl,145,0.05,3,1,1,67,0,0,0,2,1,0,3,27,0.0
priya586@oksbi,94,0.08,10,1,0,75,0,1,1,1,4,0,1,37,0.5
aakash99@apl,21730,9.9,9,0,1,135,0,1,0,4,1,2,2,52,1.0
9182683230@bob,62,0.03,3,1,0,279,0,1,1,1,2,3,0,53,0.5
9896340646@apl,46609,41.39,9,1,0,356,0,0,1,2,3,1,0,38,1.0
9362669335@icici,1047,1.33,1,1,1,154,0,1,1,1,3,4,2,59,0.5
karan@paytm,390,0.26,3,0,1,300,0,0,1,2,4,1,2,28,0.0
yogesh21@oksbi,321,0.15,5,1,0,175,0,1,0,1,4,2,0,46,0.5
9396417899@okicici,215,0.1,5,0,1,54,0,1,1,3,3,4,2,41,0.5
9806603920@ybl,3725,1.86,4,1,0,61,0,0,0,3,5,4,3,14,0.0
9238856527@icici,891,0.32,6,0,1,130,0,1,0,3,3,1,2,32,0.5
lalit@pnb,328,0.15,2,1,1,52,1,0,1,4,3,4,3,75,1.0
usha53@oksbi,204,0.08,9,1,0,260,0,0,0,3,5,4,1,21,0.0
nikhil@paytm,227,0.17,10,1,0,151,1,1,0,5,1,2,1,68,1.0
9546553585@icici,212,0.08,10,0,0,11,0,0,1,4,4,3,1,14,0.0
ankit472@upi,47268,42.32,8,0,1,260,0,0,0,5,3,0,1,18,0.5
brijesh65@kotak,350,0.28,1,1,0,287,0,0,0,3,4,1,0,25,0.0
savita@icici,74,0.33,5,1,0,346,0,1,1,3,2,4,3,55,0.5
aditi486@pnb,1271,0.71,3,1,0,92,1,0,0,1,4,0,2,67,1.0
9840908051@pnb,2356,1.48,8,0,1,130,0,1,0,1,2,2,3,40,0.5
9295927282@paytm,97,0.06,10,0,0,15,0,0,1,5,3,0,1,7,0.0
9867181535@kotak,1316,0.49,6,0,0,56,1,0,1,2,5,4,1,50,0.5
santosh659@ybl,3125,1.31,8,0,1,31,0,0,1,5,1,4,0,34,0.5
naveen97@hdfc,4524,1.68,7,0,1,219,1,0,1,4,4,0,3,64,1.0
9688285031@paytm,25,0.01,9,0,0,293,1,0,1,2,3,0,0,45,0.5
9526356022@ubi,473,0.34,4,0,0,254,0,1,0,5,5,0,0,10,0.0
9072311127@icici,194,0.8,5,1,1,335,1,1,0,4,1,3,3,98,1.0
9732807711@ubi,439,0.43,7,0,1,356,1,0,1,3,5,2,2,52,1.0
9335090254@pnb,33968,11.65,4,0,1,35,0,0,0,4,5,2,3,16,0.0
seema617@waicici,2092,6.9,5,1,1,79,0,0,0,5,1,1,1,32,1.0
pankaj@okicici,371,0.59,7,0,0,34,0,1,0,5,5,0,1,31,0.5
sonia466@ubi,2446,1.52,10,0,0,244,0,0,0,4,3,4,3,14,0.0
karan362@okhdfc,31894,28.25,6,0,1,83,1,0,1,1,4,2,1,64,1.0
aakash803@paytm,371,0.38,6,1,1,238,1,1,1,3,3,3,1,100,1.0
yogesh443@sbi,2133,2.54,2,1,1,241,0,1,0,5,4,2,3,53,0.5
9599801110@sbi,78,0.11,10,0,1,349,1,0,1,2,4,4,1,76,1.0
preeti@okhdfc,3084,3.36,4,0,1,183,1,0,1,2,2,2,0,65,1.0
9957992707@mahb,822,0.38,4,0,1,144,0,0,1,1,2,3,0,21,0.0
9709962543@apl,479,0.89,10,1,1,70,0,0,1,3,4,1,0,33,0.5
9580290904@okicici,99151,34.32,4,1,0,27,1,1,1,3,3,3,3,88,1.0
girish67@icici,3302,1.34,5,0,1,345,0,1,1,4,3,2,3,40,0.5
9912975191@hdfc,79,0.31,4,1,0,55,0,0,0,1,2,2,0,29,0.0
9792749072@apl,1150,1.16,1,0,0,47,0,0,0,4,2,1,0,11,0.0
9843645380@iob,96,0.04,10,0,0,278,0,0,0,2,1,0,1,7,0.0
9194575757@canara,25866,15.4,1,1,0,177,0,0,0,5,4,0,3,24,0.0
9602562650@okhdfc,3803,4.87,6,1,1,22,0,0,0,4,4,3,2,35,0.5
satish622@okhdfc,12,0.0,8,0,0,201,0,0,0,2,3,2,1,2,0.0
9549691928@canara,4749,18.77,6,0,1,35,1,0,1,4,5,2,1,59,1.0
9748595325@mahb,127,0.09,2,1,1,243,0,0,1,1,4,2,3,42,0.5
kamla399@kotak,3134,1.17,6,0,0,10,0,0,1,5,1,3,1,31,0.5
mohit86@axisbank,81765,30.54,6,1,0,2,0,1,0,3,5,3,1,37,0.5
rohit458@waicici,2925,1.52,7,1,0,193,0,0,1,1,3,2,1,16,0.0
rohit58@sbi,84,0.05,5,0,1,234,1,1,0,2,5,3,2,77,1.0
vijay@apl,4691,6.34,5,1,1,18,0,1,0,3,5,4,0,45,1.0
meera834@pnb,4965,2.73,2,0,0,174,1,0,1,4,3,0,3,66,1.0
mamta91@okicici,22,0.03,9,0,1,350,0,0,0,1,1,1,3,12,0.0
9958263280@canara,794,3.47,7,0,1,357,0,1,0,5,1,0,1,39,1.0
9863210613@bob,1476,0.73,5,1,1,312,1,1,0,3,2,2,2,95,1.0
9657692778@canara,19183,18.36,4,1,0,332,0,1,1,5,3,1,0,49,1.0
9651460401@canara,228,0.13,1,0,0,318,1,0,0,1,3,0,2,40,0.5
ganesh18@kotak,2423,1.84,1,0,1,326,0,1,0,4,2,0,0,34,0.5
rani@iob,54129,40.1,7,0,0,255,0,1,1,4,4,1,0,44,1.0
9825588255@okhdfc,367,0.22,10,0,0,23,1,1,0,4,5,3,1,64,1.0
9778205829@ybl,493,0.65,3,0,1,150,1,1,1,4,5,3,2,80,1.0
sanjay501@oksbi,533,0.61,2,0,0,215,0,0,1,5,5,0,0,23,0.0
9364381300@sbi,504,1.02,2,1,1,353,0,0,1,2,4,1,1,44,0.5
heena214@mahb,217,0.08,2,1,0,349,1,0,0,1,3,3,0,53,0.5
9174811317@okicici,82132,46.77,1,1,0,180,0,1,0,3,4,3,0,23,0.5
geeta45@mahb,43890,19.31,8,1,0,283,0,1,0,2,5,3,0,34,1.0
seema59@pnb,3214,6.25,3,1,0,252,0,1,0,4,3,1,0,30,0.5
laxmi376@sbi,1847,0.69,10,1,0,350,0,1,0,4,2,3,0,44,0.5
vikas@bob,3429,2.87,9,1,0,224,0,1,1,4,1,0,0,42,1.0
sarita@apl,119,0.07,3,1,1,337,0,1,1,5,4,0,0,42,0.5
kavita@apl,246,0.09,8,1,0,125,0,1,0,2,2,3,3,46,0.5
9567932798@okhdfc,7812,24.96,7,0,0,127,0,1,0,3,2,2,3,22,0.5
vandana78@ybl,361,0.2,10,0,0,222,0,1,1,1,4,0,0,30,0.0
karan42@iob,3261,2.04,10,1,1,353,0,1,1,5,5,4,1,57,1.0
aakash@canara,3244,2.53,4,1,1,166,1,0,1,5,2,2,2,85,1.0
girish955@waicici,16998,9.8,9,0,1,298,0,1,0,2,1,2,1,35,1.0
9896340679@axisbank,79803,32.51,9,1,0,193,0,1,0,4,1,0,1,46,1.0
9309001594@canara,143,0.24,2,1,1,93,0,1,1,3,1,0,0,71,1.0
amit@mahb,19409,10.97,5,1,0,293,0,0,0,5,3,1,1,10,0.0
lokesh882@paytm,457,0.39,4,1,1,209,0,0,0,2,4,4,1,33,0.5
9855078967@bob,22807,10.31,8,0,0,228,0,0,0,2,4,4,3,5,0.0
9931706955@okicici,141,0.07,4,1,0,207,0,0,1,2,3,2,3,14,0.0
pushpa@okicici,188,0.07,7,0,1,46,1,1,1,3,3,1,2,94,1.0
geeta235@pnb,41,0.05,2,1,0,82,0,0,0,5,5,0,2,13,0.0
nitin547@waicici,640,1.35,5,0,0,91,0,0,0,5,4,3,1,16,0.0
manoj248@mahb,257,0.65,6,1,0,5,0,0,0,2,3,4,0,19,0.0
9886878599@okicici,1613,0.73,4,1,1,57,0,0,1,2,5,0,0,41,0.5
amit65@kotak,60,0.2,4,1,1,19,0,0,1,1,5,2,2,30,0.0
rohit@canara,4310,2.26,4,1,0,9,0,1,1,4,3,3,3,35,0.5
sachin@sbi,421,0.19,7,1,0,335,1,1,1,1,5,2,2,72,1.0
9917768089@apl,172,0.1,9,0,0,112,0,1,0,3,1,3,3,19,0.0
asha63@bob,316,0.83,5,0,0,226,0,1,1,2,2,1,0,35,0.5
suresh686@oksbi,4453,5.07,1,1,0,108,1,1,1,1,2,0,2,97,1.0
lata53@iob,116,0.05,10,1,1,342,0,1,1,5,3,4,1,53,1.0
rani@ybl,212,0.4,8,0,0,128,1,0,0,2,1,4,2,45,0.5
9439252959@okicici,4485,2.41,1,0,1,243,0,1,1,3,3,0,2,47,0.5
vinod97@oksbi,1744,5.24,3,0,0,5,0,0,0,5,4,3,0,0,0.0
shweta@canara,16136,7.31,10,0,0,20,0,0,1,1,1,4,0,11,0.5
9758446634@ybl,7099,2.43,9,0,0,359,0,1,1,1,4,4,1,27,0.0
sunil40@upi,4177,3.08,2,0,0,19,0,1,0,1,5,0,1,34,0.5
laxmi475@ybl,99,0.08,8,1,1,108,1,0,1,1,3,1,3,76,1.0
laxmi@pnb,48,0.06,3,1,0,291,0,1,1,1,2,2,3,43,0.5
9848689993@okhdfc,396,0.13,6,1,0,315,0,0,1,3,1,0,3,39,0.5
usha@ubi,3918,2.63,1,0,1,171,0,1,1,4,5,0,3,48,0.5
divya49@hdfc,891,0.37,4,1,1,21,0,1,0,4,2,3,0,49,0.5
usha174@iob,4018,1.86,9,1,0,200,1,1,0,3,2,4,1,66,1.0
9421751887@apl,50218,106.85,2,1,0,186,0,1,0,3,3,4,0,48,0.5
yogesh98@bob,55663,64.42,6,0,1,48,0,1,0,2,4,1,2,26,0.5
9787655300@paytm,4460,3.95,2,1,1,222,1,0,1,5,4,1,1,83,1.0
laxmi80@ybl,1598,2.36,6,0,0,191,1,1,0,4,1,2,3,76,1.0
9185174460@sbi,74876,55.5,5,0,0,218,0,1,0,1,1,0,2,28,0.5
suresh238@canara,26874,28.35,10,1,1,269,1,0,0,5,1,2,0,76,1.0
rani44@okicici,380,0.15,5,0,1,21,1,1,0,4,1,2,2,68,1.0
rajan97@iob,98356,32.84,3,0,1,87,0,0,0,5,1,0,3,24,0.5
sunita724@upi,76970,55.86,7,0,1,314,0,0,0,2,5,2,2,8,0.5
kavita@bob,496,0.41,3,0,0,354,0,1,0,5,2,4,0,39,0.5
rajan94@iob,1682,2.39,1,1,0,357,0,0,0,4,1,2,1,19,0.0
9078436142@canara,2565,5.69,4,1,0,97,0,0,0,4,4,2,3,27,0.0
9427372037@okicici,2337,1.76,2,1,0,272,0,1,0,5,4,2,2,37,0.5
9438998278@sbi,3807,5.97,5,0,0,268,0,0,1,1,3,4,2,11,0.0
9999516793@ubi,21460,8.25,8,0,0,1,0,1,1,2,2,0,2,32,1.0
pooja210@waicici,634,0.83,9,1,0,124,0,1,1,3,4,1,3,39,0.5
harish@iob,3851,1.89,4,0,0,110,0,1,0,3,1,0,2,24,0.0
aditi358@waicici,52,0.02,1,0,0,337,0,1,1,4,2,3,2,34,0.5
shakti@bob,101,0.22,3,0,0,99,0,0,0,2,2,0,1,17,0.0
vikas@okhdfc,16475,8.58,8,1,1,82,0,1,0,4,1,1,2,41,1.0
9629745493@sbi,4211,1.67,9,0,1,267,0,0,0,5,5,4,2,6,0.0
9208283230@apl,4870,1.7,2,0,1,239,0,1,1,5,1,1,0,56,0.5
9318297168@icici,1960,1.88,5,0,0,48,0,0,1,3,3,4,1,8,0.0
nikhil@paytm,442,0.16,1,1,1,173,1,0,1,1,1,0,0,86,1.0
9747812248@hdfc,10573,3.98,7,1,0,161,1,0,0,1,5,2,2,61,1.0
yogesh@okicici,339,0.21,1,1,1,240,0,1,0,1,5,0,0,32,0.5
9706336998@paytm,188,0.51,9,1,0,138,0,0,1,2,3,2,0,31,0.5
hemant41@bob,4835,3.84,1,1,0,138,0,0,0,1,4,2,0,22,0.0
rakesh@okhdfc,1899,0.65,2,1,0,80,0,0,1,2,4,4,2,35,0.5
pooja@oksbi,73244,42.34,2,0,1,129,0,1,0,4,1,3,2,52,1.0
9031538882@iob,2792,1.18,2,1,0,12,1,1,0,4,4,2,3,78,1.0
9163211197@apl,105,0.04,1,1,0,175,0,1,0,3,1,2,1,36,0.5
suresh88@upi,19792,57.87,4,1,0,47,0,0,0,4,2,1,3,29,0.5
brijesh@okicici,107,0.06,9,1,1,209,1,0,1,5,1,0,1,71,1.0
kavita25@mahb,201,0.46,2,1,1,306,0,1,1,4,1,4,1,50,1.0
9821374556@icici,17760,21.02,8,1,0,272,0,1,0,3,1,4,1,34,1.0
9126003083@oksbi,4533,11.65,7,0,1,275,0,0,1,1,3,0,2,30,0.5
9882691776@waicici,19326,11.66,8,1,1,351,0,0,0,1,3,1,0,15,0.5
9882603359@axisbank,407,0.35,2,0,0,21,0,1,1,2,3,4,0,39,0.5
9492699969@mahb,412,1.56,10,0,0,10,0,1,1,1,5,2,0,42,0.5
9499323123@canara,2533,1.8,3,1,1,152,1,1,0,5,3,4,3,74,1.0
nisha81@ubi,77374,238.07,1,0,1,359,0,1,0,5,4,1,3,42,0.5
9650826958@kotak,460,0.59,3,0,1,267,1,1,0,5,1,2,0,90,1.0
pushpa322@axisbank,11439,14.37,7,1,1,177,0,0,1,1,2,0,3,50,1.0
9869661016@apl,15763,77.27,10,1,0,124,0,1,1,3,5,2,0,30,0.5
vivek32@apl,2787,5.59,1,0,0,172,0,0,0,1,1,3,0,21,0.0
9266292508@icici,226,0.52,4,0,1,189,0,1,0,3,3,0,3,46,0.5
komal92@oksbi,480,0.48,10,1,1,290,1,1,0,1,3,0,3,80,1.0
mukesh75@ybl,348,0.2,2,0,0,279,0,1,1,4,1,1,1,31,0.5
rohit885@apl,2667,3.0,4,0,1,98,0,1,1,4,1,4,2,56,0.5
9822102179@waicici,57096,27.23,4,0,0,28,0,1,1,4,2,2,0,49,1.0
rajesh@waicici,4087,3.56,3,0,0,215,0,0,1,5,5,2,3,17,0.0
lata@oksbi,1474,0.8,1,1,1,231,0,0,1,4,5,4,3,35,0.5
9146921821@mahb,45,0.03,3,0,1,88,0,0,0,2,3,2,1,21,0.0
9050938694@apl,23927,28.22,9,0,1,21,0,1,1,5,5,2,1,34,1.0
9152386767@bob,4201,12.14,9,1,0,313,1,1,1,5,1,0,2,100,1.0
sonia858@apl,4939,2.49,10,0,0,40,0,1,1,1,4,3,3,38,0.5
9695790012@iob,6959,4.15,7,0,1,1,0,0,1,2,2,2,0,40,1.0
9894633891@ybl,72,0.06,7,0,1,269,0,1,1,4,5,3,1,50,0.5
9335895138@axisbank,60989,67.54,3,1,0,168,0,1,0,5,3,3,1,36,0.5
pallavi@apl,9,0.01,9,1,1,251,1,1,0,3,4,4,2,79,1.0
vivek111@bob,407,0.28,9,0,0,102,0,1,1,3,5,1,2,22,0.0
9214105276@apl,409,0.15,7,0,0,110,0,0,1,4,5,0,1,8,0.0
mamta84@okhdfc,1833,0.94,5,0,1,4,0,0,0,3,2,1,2,19,0.0
9942824911@okhdfc,77653,51.8,8,1,1,71,1,1,1,3,5,2,2,100,1.0
sunil@ybl,13593,20.17,3,1,0,22,1,0,0,3,3,1,1,69,1.0
9727367746@kotak,146,0.06,9,1,1,218,0,0,0,2,1,2,2,37,0.5
rohit@canara,363,0.79,4,0,0,148,1,1,0,1,5,1,1,54,0.5
meera@pnb,4294,2.02,4,0,0,267,1,1,0,4,3,3,1,66,1.0
9768316082@paytm,767,0.33,9,1,1,186,0,1,1,3,4,1,3,66,1.0
9362165914@ubi,490,0.19,4,0,1,111,0,0,0,4,2,4,1,24,0.0
9732643095@iob,285,0.1,4,0,0,360,0,0,1,5,5,1,2,14,0.0
pushpa73@axisbank,226,0.08,10,1,1,310,1,0,0,4,1,1,1,77,1.0
ravi905@waicici,416,0.99,9,0,1,286,0,1,0,2,2,1,0,43,0.5
rakesh59@icici,30843,84.5,6,1,1,355,0,1,1,5,3,1,1,50,1.0
rani93@apl,330,1.11,4,1,0,84,0,1,0,5,1,0,1,30,0.0
ajay25@paytm,312,0.38,2,0,0,241,0,0,0,2,5,3,0,13,0.0
vandana678@ubi,54,0.16,2,1,1,345,0,0,0,1,1,3,3,32,0.5
sonia@axisbank,34841,24.3,7,0,0,221,0,0,1,3,2,4,0,30,0.5
9556103995@kotak,77,0.03,6,0,1,72,0,0,1,1,5,2,1,16,0.0
9412027061@oksbi,282,0.38,3,1,0,61,1,0,0,3,2,3,2,52,0.5
9815542034@hdfc,3991,5.45,10,0,1,86,0,0,1,5,1,3,0,22,0.5
9554623471@kotak,458,0.18,8,0,0,208,0,0,0,5,4,2,3,13,0.0
meera501@apl,107,0.05,1,1,1,285,0,1,0,1,5,0,0,42,0.5
sudha730@icici,238,0.12,10,0,0,76,0,0,1,1,1,2,0,11,0.0
mukesh64@iob,4064,1.72,7,0,1,103,0,1,1,2,1,1,0,59,1.0
lokesh@kotak,21660,10.89,4,1,0,171,0,0,0,2,5,3,1,4,0.0
9140049388@icici,321,0.12,7,1,0,207,1,0,0,4,1,2,2,63,1.0
9698731379@paytm,313,0.12,2,1,0,363,0,1,0,3,2,0,2,41,0.5
9562389949@mahb,902,0.74,2,0,1,196,0,1,1,2,2,3,2,43,0.5
rajan30@sbi,38788,16.07,3,0,1,136,0,0,0,4,2,0,1,11,0.5
9894801864@canara,55472,190.63,10,1,0,360,0,0,0,5,5,4,3,23,0.5
sneha@okhdfc,78682,32.68,9,0,0,183,1,0,1,5,2,4,3,51,1.0
9942968827@okicici,3803,4.5,4,1,1,93,1,1,0,4,5,0,2,86,1.0
satish96@waicici,3404,1.38,2,1,0,118,0,1,0,3,1,4,3,48,0.5
usha959@sbi,46920,26.95,10,0,1,236,0,1,1,4,2,2,0,48,1.0
santosh10@mahb,28302,10.18,3,1,1,6,0,1,0,5,3,0,3,47,1.0
9114131935@pnb,4818,2.48,3,0,1,224,0,1,0,3,4,3,1,22,0.0
9025447241@axisbank,2584,1.4,1,0,1,209,0,0,0,3,2,1,0,16,0.0
santosh15@waicici,241,0.19,1,1,1,141,0,0,0,5,4,3,0,31,0.5
usha64@waicici,404,0.22,8,0,1,41,0,1,0,3,4,4,0,42,0.5
brijesh@upi,302,0.43,10,0,1,196,1,1,1,3,1,2,2,97,1.0
mohit22@mahb,427,0.29,8,1,0,37,0,1,0,1,4,0,1,29,0.0
pankaj385@waicici,84757,69.25,1,1,1,4,0,1,0,1,5,4,2,35,1.0
9453389062@ubi,3483,1.45,5,1,1,224,0,1,1,2,1,2,2,48,1.0
9062212242@paytm,3748,2.31,3,1,1,325,0,1,1,4,3,2,0,51,0.5
9848860080@axisbank,96474,166.91,10,1,1,162,0,1,1,1,4,0,0,53,1.0
rekha@kotak,228,0.12,4,1,1,66,1,1,1,1,2,4,2,100,1.0
usha@canara,3661,2.24,8,0,0,118,0,0,0,3,2,3,2,16,0.0
9112327489@upi,3509,4.41,5,0,0,186,1,0,1,1,1,3,2,54,1.0
priya@icici,99,0.2,5,0,1,125,0,1,1,2,4,1,0,47,0.5
9400181677@apl,167,0.15,4,1,0,326,0,0,1,1,4,4,1,22,0.0
vimla635@waicici,39847,23.7,5,1,0,143,1,1,1,3,3,2,2,96,1.0
sonia98@hdfc,4914,2.53,3,0,0,64,0,1,0,5,4,4,2,30,0.0
9424238397@pnb,97769,40.52,5,1,1,54,1,1,0,4,2,2,3,99,1.0
9322101023@pnb,16298,40.54,9,0,0,331,1,0,0,4,1,3,1,60,1.0
meera17@ubi,3664,2.6,2,0,0,195,0,0,1,1,1,4,3,14,0.0
9100307620@oksbi,25272,9.68,8,1,1,25,0,0,0,3,4,4,1,22,0.5
9411340785@axisbank,217,0.08,1,1,1,170,1,1,1,1,4,3,3,94,1.0
9962697083@waicici,281,0.12,6,1,1,8,0,1,0,5,2,3,3,59,0.5
9320126578@mahb,3473,1.99,6,1,0,38,0,1,1,1,3,4,3,34,0.5
shweta21@kotak,4276,6.27,1,0,1,284,1,0,1,5,3,1,0,68,1.0
9758917045@iob,312,0.36,9,1,1,50,0,1,0,5,2,2,0,40,1.0
9016356407@pnb,1659,8.29,6,0,0,24,0,1,1,4,5,1,0,42,0.5
usha@icici,978,0.42,3,0,0,258,1,1,1,5,5,2,2,65,1.0
heena10@pnb,3378,7.66,6,0,1,278,1,0,1,1,4,0,0,54,1.0
sunil@upi,421,0.86,1,1,0,42,0,0,1,3,2,3,0,41,0.5
9161982734@waicici,304,0.24,3,1,0,117,0,1,1,5,5,3,3,38,0.5
9574835268@hdfc,9503,8.86,3,0,0,24,0,0,0,3,5,4,3,15,0.0
komal392@okicici,457,0.32,4,1,1,230,0,1,0,5,5,1,2,35,0.5
geeta11@hdfc,318,0.17,5,0,0,228,0,1,1,1,4,2,3,27,0.0
9025476022@sbi,11561,6.47,5,1,1,359,0,0,0,1,5,0,1,13,0.5
manju@icici,94,0.21,2,1,1,138,0,0,1,2,1,0,1,28,0.5
9327980595@sbi,52872,23.86,6,1,0,94,1,1,0,5,3,3,2,67,1.0
umesh627@icici,354,1.08,10,0,0,148,1,0,0,2,3,0,1,40,0.5
kavita35@upi,2495,3.12,10,0,1,173,1,0,0,5,2,4,2,47,1.0
shruti37@bob,7889,3.65,1,0,0,281,1,1,1,1,5,3,3,76,1.0
pankaj@okicici,565,2.31,8,1,1,202,0,1,0,4,4,1,2,34,0.5
9090605308@waicici,25166,51.89,10,0,1,95,0,0,1,1,2,4,1,16,0.5
9759887592@icici,407,0.14,2,1,1,60,0,0,0,4,4,3,1,22,0.0
9092071152@ubi,235,0.19,4,0,1,119,0,1,0,4,2,0,1,40,0.5
vinod580@axisbank,4796,2.18,2,0,0,87,0,0,1,5,2,0,2,29,0.0
ankit@upi,4353,2.47,2,0,1,282,0,0,1,5,3,4,3,31,0.5
rani@pnb,493,0.21,8,0,0,298,0,1,0,2,5,2,2,14,0.0
manju56@bob,2783,1.18,1,0,1,80,0,0,0,3,1,2,2,31,0.5
9353028165@hdfc,37638,52.27,1,0,0,107,0,0,0,3,2,1,1,18,0.0
kavita12@pnb,236,0.1,6,1,1,30,0,1,0,5,2,3,3,43,0.5
bharti@mahb,22279,9.22,1,0,1,312,0,0,1,2,5,4,1,18,0.5
krishna@mahb,80179,219.07,1,0,0,257,0,0,1,3,4,4,2,14,0.0
manju353@okicici,2108,2.17,5,1,1,147,0,1,0,3,1,3,3,60,0.5
9585421880@waicici,21759,7.44,3,0,1,198,1,0,0,4,1,0,2,52,1.0
9472505833@ubi,41680,55.72,2,1,0,160,0,1,0,5,5,3,2,43,0.5
9475769453@oksbi,29234,16.25,6,1,0,362,0,0,0,5,4,3,0,24,0.0
naveen12@sbi,63672,88.68,7,0,1,139,1,1,1,4,5,4,3,72,1.0
anita140@mahb,204,0.17,10,1,1,205,0,0,1,2,3,2,3,24,0.5
neha464@ubi,127,0.08,1,0,1,147,0,0,1,3,5,4,1,19,0.0
9845235426@apl,1485,0.73,2,1,0,331,0,0,0,4,5,2,1,2,0.0
poonam410@okhdfc,64585,30.83,4,1,1,255,0,1,1,2,1,4,3,62,1.0
sonia@kotak,3510,9.09,1,0,0,32,0,1,0,3,2,3,0,17,0.5
rekha@axisbank,1511,0.55,2,0,1,100,0,0,1,4,1,4,2,40,0.5
aakash@kotak,295,0.17,7,0,1,266,0,1,1,2,1,4,1,57,1.0
manoj233@icici,3478,3.14,9,0,0,98,0,1,0,5,5,1,0,35,0.5
priya@okicici,12916,12.69,9,1,0,26,0,1,1,4,1,4,1,50,1.0
nisha@pnb,26254,35.67,7,0,1,253,0,0,0,3,5,2,3,4,0.5
simran@upi,376,0.14,9,0,0,178,1,1,1,5,2,1,1,76,1.0
9201362608@canara,86627,123.93,8,0,0,351,0,0,0,3,1,1,0,18,0.5
girish19@ybl,1095,0.64,5,1,0,161,0,1,1,4,1,2,2,40,0.5
rahul@iob,3129,3.27,2,1,1,344,0,1,0,5,4,4,1,33,1.0
ramesh581@okicici,158,0.08,8,0,1,334,0,0,0,1,2,0,1,25,0.0
9988978653@bob,4086,12.97,8,0,1,252,0,0,0,2,1,4,1,22,0.5
sneha794@okicici,94,0.14,6,1,0,196,0,0,0,3,2,0,2,24,0.0
radha459@canara,3008,1.52,1,1,1,365,0,1,1,1,2,3,3,61,1.0
bharti44@okhdfc,2501,1.18,1,0,1,219,1,0,1,3,3,0,0,60,0.5
9255128276@bob,3130,1.19,10,0,1,326,0,1,0,3,2,4,3,40,0.5
sanjay772@ubi,3723,1.88,5,1,1,315,1,0,0,5,5,4,2,57,0.5
9640882230@mahb,2617,2.32,10,1,1,203,0,0,1,5,5,1,1,38,0.5
nikhil178@hdfc,56790,22.38,10,1,1,112,0,0,1,5,5,4,2,34,1.0
9461293900@kotak,440,0.31,7,1,1,323,0,1,1,3,3,3,1,52,1.0
9619931458@canara,3209,1.51,6,1,0,237,0,0,0,4,3,4,3,4,0.0
9203347424@okhdfc,25,0.01,2,0,1,44,0,1,1,2,5,4,2,35,0.5
9021774174@bob,14231,8.08,10,0,0,231,0,0,1,4,5,3,0,24,0.5
vikas@apl,418,0.21,9,0,1,117,0,0,1,3,1,1,1,42,0.5
vijay@okhdfc,450,0.36,7,0,0,170,0,0,0,5,1,1,1,11,0.0
nitin39@mahb,964,0.91,8,1,1,73,1,0,1,5,5,2,2,61,1.0
vikas30@kotak,43110,161.46,3,1,1,139,0,0,0,1,2,4,2,18,0.5
9240658387@kotak,4556,1.66,5,1,0,212,0,1,0,5,4,0,3,47,0.5
9373379121@kotak,202,0.09,10,1,0,163,0,1,0,1,5,2,3,43,0.5
ravi@kotak,909,2.26,1,0,0,263,0,0,0,2,3,4,3,9,0.0
vikas22@kotak,73,0.07,2,1,0,163,0,1,1,4,1,1,1,55,0.5
amit74@upi,379,0.27,5,0,0,165,0,1,0,5,4,1,1,21,0.0
9266329563@iob,3065,2.44,1,1,0,86,0,1,1,3,5,3,2,49,0.5
9059229411@ybl,1159,1.49,3,0,1,88,0,1,1,3,5,1,0,55,0.5
geeta44@icici,238,0.09,10,1,0,162,0,0,0,4,2,3,1,29,0.0
sonia@oksbi,19709,42.57,2,1,1,105,0,0,1,2,5,0,0,40,1.0
9064420062@mahb,458,0.3,7,1,0,279,1,1,0,5,4,3,2,70,1.0
geeta@okhdfc,3046,4.18,6,1,1,267,1,1,0,4,4,2,3,78,1.0
9117972699@iob,2277,0.99,2,0,0,157,0,0,0,1,3,1,2,12,0.0
vandana199@bob,11,0.01,1,0,0,11,0,0,0,2,4,3,3,15,0.0
9990076862@paytm,479,0.25,5,0,0,92,0,1,0,2,5,1,0,35,0.0
karan987@pnb,418,0.27,9,1,0,106,1,0,0,5,4,1,1,62,1.0
santosh75@ubi,63180,23.46,2,1,1,157,0,0,0,1,1,1,1,22,0.5
divya78@axisbank,855,0.5,1,1,0,167,0,1,0,4,4,3,3,40,0.5
aakash32@sbi,3932,1.63,7,1,0,228,0,0,0,1,4,4,0,24,0.0
ganesh913@ybl,1271,0.87,9,0,1,205,0,1,1,4,2,4,2,55,1.0
lalit588@upi,4392,1.68,3,0,1,153,0,1,0,5,5,0,3,29,0.0
rakesh116@ubi,208,0.08,5,0,0,255,0,1,1,5,3,4,2,49,0.5
9860521026@kotak,398,1.66,9,1,1,298,0,1,0,5,1,3,2,63,1.0
9898305748@waicici,274,0.25,1,1,0,309,0,1,1,1,5,1,2,30,0.0
9619953056@canara,469,0.16,4,0,1,213,0,1,0,1,2,3,2,37,0.5
mohit@axisbank,258,0.12,5,0,1,341,1,0,1,4,4,4,0,57,0.5
9652406221@ybl,202,0.1,5,0,1,139,0,1,0,3,3,1,0,41,0.5
9474764845@oksbi,2432,1.73,3,1,1,218,0,1,0,2,2,0,0,50,0.5
aditi@sbi,426,0.26,9,0,1,119,0,1,0,2,3,0,3,30,0.0
mamta730@waicici,3986,3.3,8,0,1,35,1,0,0,2,2,3,3,65,1.0
ankit@oksbi,3184,1.56,3,1,0,178,0,0,1,3,1,3,0,20,0.0
9715949734@canara,24501,17.36,8,1,0,138,0,1,1,2,3,1,2,37,1.0
9260878828@icici,216,0.08,1,0,0,274,0,1,0,2,2,0,1,32,0.5
9353780189@axisbank,1987,1.06,9,1,0,147,0,1,1,4,2,2,0,46,1.0
krishna85@mahb,1831,3.92,8,1,1,196,0,1,0,1,4,3,3,41,1.0
radha@ybl,802,0.32,1,1,1,175,1,1,1,5,5,4,0,90,1.0
9957285759@oksbi,4715,1.6,5,0,0,149,0,0,1,2,3,3,2,23,0.0
9717059844@ybl,1627,0.58,10,0,0,226,0,0,0,4,5,4,0,9,0.0
9811939781@iob,94,0.04,9,0,1,82,0,0,1,4,5,0,0,20,0.0
9588070532@okicici,76,0.04,8,1,0,228,1,0,0,5,1,2,2,50,1.0
radha98@ybl,158,0.13,1,0,0,41,0,0,0,2,5,1,3,13,0.0
9135896933@oksbi,36,0.02,5,0,0,70,0,0,1,2,4,1,3,6,0.0
ashok@okicici,45,0.02,2,0,0,221,0,0,1,3,3,3,1,22,0.0
vandana937@pnb,1797,0.63,4,1,0,261,0,1,0,4,4,1,3,34,0.5
usha@hdfc,491,0.18,7,0,1,361,0,1,1,1,1,0,3,47,1.0
rajesh@mahb,217,0.17,5,0,0,5,1,0,1,2,4,3,1,63,1.0
girish893@axisbank,1922,1.44,7,1,0,23,0,0,1,4,4,2,0,31,0.5
9034398818@upi,413,0.32,8,0,1,64,1,1,0,3,2,0,3,90,1.0
rajesh@apl,231,0.99,4,0,1,114,1,1,1,2,4,2,3,91,1.0
asha8@icici,1895,0.66,5,1,0,179,0,0,0,2,1,2,0,19,0.0
anita@mahb,31,0.01,3,0,0,111,0,1,1,3,3,1,0,28,0.0
9326118900@bob,41,0.16,7,1,0,295,1,1,1,2,2,1,2,84,1.0
harish63@kotak,8675,26.29,1,1,1,111,0,1,0,4,1,1,3,57,1.0
ganesh@paytm,310,0.26,1,0,1,299,1,0,1,1,3,3,3,58,0.5
9672210454@okhdfc,105,0.05,8,0,1,18,0,0,0,2,2,0,0,21,0.0
9225216025@pnb,8525,5.94,8,0,1,36,0,0,0,1,4,2,2,11,0.5
mohit641@axisbank,4386,4.17,1,0,1,341,1,0,0,5,3,2,3,65,1.0
deepa83@axisbank,3325,5.05,10,0,0,239,0,1,1,3,5,0,1,32,1.0
neha11@apl,4005,3.72,5,1,0,208,0,0,1,5,5,3,2,24,0.5
rakesh45@mahb,766,0.3,8,1,1,119,0,1,1,5,1,4,0,52,1.0
9654622021@pnb,139,0.12,5,0,1,118,0,0,0,5,3,4,3,22,0.0
9673919008@apl,11,0.01,1,0,1,169,0,0,0,2,2,0,0,29,0.0
9897906085@canara,2425,1.17,1,0,0,2,0,1,0,5,1,3,1,41,0.5
9711815198@oksbi,351,0.59,1,0,1,21,0,1,1,1,5,4,2,53,0.5
radha622@canara,3153,9.79,4,1,1,10,0,0,1,3,1,0,2,42,1.0
asha38@paytm,14127,24.57,2,1,1,28,0,1,1,1,5,1,2,62,1.0
9642357004@icici,353,0.21,6,1,0,272,0,0,1,5,1,3,2,38,0.5
9079230466@sbi,23799,13.02,7,0,0,60,0,0,1,1,2,2,2,9,0.5
meera13@iob,98169,35.47,2,0,0,235,0,0,0,1,1,1,1,11,0.0
9460191530@oksbi,47932,23.95,4,1,0,167,0,1,1,3,3,3,0,47,1.0
arjun68@pnb,252,0.17,4,1,0,133,1,1,1,3,5,3,0,94,1.0
girish810@upi,45724,24.4,7,1,1,361,1,0,1,3,4,1,1,79,1.0
9404668212@icici,257,0.17,1,1,0,186,0,0,0,1,4,0,2,10,0.0
9738818273@sbi,47127,76.75,10,1,1,132,0,1,1,2,1,3,2,69,1.0
9640511021@pnb,23168,9.66,5,1,0,301,0,1,0,5,5,1,0,20,0.5
mohit894@hdfc,32779,27.76,4,1,1,96,0,0,1,1,1,3,0,43,1.0
9713171978@okhdfc,52125,49.22,2,0,0,104,1,0,0,5,4,4,0,41,0.5
9113753582@axisbank,46689,30.2,10,0,0,182,0,1,0,1,5,2,0,21,0.5
nikhil24@upi,57336,90.58,8,0,1,2,0,0,1,2,4,4,0,25,0.5
9024808557@apl,7642,3.07,2,0,0,252,0,0,1,5,2,3,2,9,0.5
9685746706@paytm,84,0.05,4,0,0,151,0,0,1,2,2,3,1,25,0.0
9335084243@axisbank,430,1.97,3,1,0,187,0,1,0,1,3,0,0,39,0.5
kavita70@oksbi,6013,15.38,1,0,0,113,0,1,1,1,3,0,3,28,0.5
sonia74@okhdfc,26355,19.8,6,1,1,315,0,1,0,2,3,4,0,49,1.0
9781554260@paytm,465,0.18,2,0,1,165,0,1,0,2,5,0,3,31,0.5
neha847@axisbank,240,0.39,7,0,0,150,0,1,0,3,3,3,3,14,0.0
kavita48@ybl,3105,3.23,4,1,1,329,0,1,1,4,1,1,0,62,1.0
mukesh@paytm,4193,2.93,6,1,0,89,0,1,0,3,4,4,3,23,0.0
umesh70@hdfc,3920,3.59,4,1,0,362,1,0,1,3,2,4,3,72,1.0
ritu63@icici,549,0.21,3,1,0,120,0,1,1,1,3,2,1,58,0.5
pramod@mahb,37780,16.81,4,1,1,161,0,1,1,3,4,3,0,64,1.0
kavita856@upi,61497,76.58,4,0,0,245,1,1,0,4,2,3,1,71,1.0
nitin963@mahb,2867,1.16,5,1,0,30,0,1,0,2,5,4,2,27,0.0
santosh26@paytm,456,0.2,7,0,0,93,0,0,0,5,5,0,0,0,0.0
anita@axisbank,2124,1.02,1,0,0,229,1,0,1,3,1,0,2,53,0.5
9851939327@pnb,380,0.23,9,1,0,124,0,1,1,1,5,1,0,49,0.5
sanjay844@pnb,8899,4.64,7,1,0,61,1,0,0,2,3,0,2,58,1.0
vinod@pnb,33498,17.5,10,1,1,321,0,0,1,3,1,3,0,51,1.0
vikas@bob,766,2.25,3,0,0,85,0,0,0,1,3,2,1,12,0.0
lata74@waicici,59,0.02,3,0,0,21,0,0,0,3,3,2,0,0,0.0
manoj852@icici,68,0.03,5,1,0,84,0,0,0,2,4,1,3,22,0.0
rani49@oksbi,488,0.22,6,0,0,202,0,1,1,5,5,4,1,32,0.5
9175362647@ybl,176,0.09,5,1,0,305,0,0,0,1,5,1,3,2,0.0
9845240321@icici,2372,2.8,1,0,1,73,0,1,1,5,4,0,3,53,0.5
9724792542@kotak,2447,1.22,5,1,0,49,0,1,1,2,2,0,0,51,0.5
radha@pnb,396,0.18,2,0,0,277,0,1,1,5,2,0,2,46,0.5
savita77@bob,23018,14.7,3,1,1,30,1,0,1,3,4,4,2,82,1.0
9196282225@sbi,69997,24.9,1,0,1,89,0,1,1,5,3,3,3,44,1.0
anita46@mahb,302,0.34,8,0,0,154,0,1,1,2,5,3,1,45,0.5
vijay46@hdfc,53448,31.83,8,0,0,356,0,0,1,1,2,3,3,19,0.5
chanda@hdfc,276,0.13,10,0,0,44,0,0,0,2,2,2,1,0,0.0
pushpa@sbi,81064,110.89,6,1,0,20,0,0,1,4,3,3,0,26,0.5
9944164231@okicici,18473,27.61,2,1,0,217,0,1,0,4,4,1,1,22,0.5
9349429046@icici,36235,110.14,8,1,1,101,1,1,0,2,4,3,3,85,1.0
pallavi@upi,16976,12.35,1,1,1,226,0,1,0,1,4,4,1,49,1.0
9626890472@bob,15846,6.62,4,0,0,172,0,1,1,5,4,4,2,33,0.5
anita51@sbi,98622,107.9,10,1,1,2,1,0,0,3,2,4,2,58,1.0
vivek60@okicici,83108,35.52,1,0,0,219,0,1,0,3,4,3,0,20,0.0
yogesh87@hdfc,284,0.51,8,0,1,213,0,1,1,2,4,1,3,48,0.5
harish373@hdfc,34781,13.9,10,0,0,86,1,1,1,1,1,4,2,80,1.0
sunita@pnb,4457,15.32,10,1,0,218,0,0,0,5,2,1,0,18,0.5
9673963428@apl,169,0.06,1,1,1,315,0,1,1,5,4,4,3,67,1.0
9186706632@hdfc,72,0.03,6,1,1,327,0,0,1,1,3,4,1,37,0.5
9337170864@iob,345,0.42,10,0,1,298,0,0,0,2,5,4,0,13,0.0
naveen82@okhdfc,95028,35.68,10,0,1,357,0,1,0,5,2,0,1,48,1.0
9302178167@apl,133,0.06,9,1,0,175,0,1,0,4,2,0,2,49,0.5
9815037017@hdfc,47630,18.47,2,0,1,348,0,1,1,3,5,4,0,53,1.0
9682448500@paytm,1037,0.44,4,0,1,25,0,1,0,1,5,4,0,25,0.0
krishna11@hdfc,44311,49.13,2,0,1,46,0,0,1,4,5,0,3,35,0.5
9587012042@canara,138,0.05,3,0,0,326,0,0,0,4,2,2,2,1,0.0
neha256@paytm,86131,33.99,2,0,1,300,0,0,1,2,2,3,2,30,0.5
9403648821@oksbi,21766,9.14,5,0,0,69,0,1,0,1,3,2,1,28,0.0
9864912594@mahb,4005,1.91,7,1,1,365,0,0,1,4,2,1,1,45,1.0
vivek82@okhdfc,493,0.28,10,1,0,96,1,0,0,5,4,1,1,55,0.5
laxmi@oksbi,3126,1.7,10,0,0,303,0,1,1,2,5,4,1,37,0.5
9226000144@hdfc,3181,3.26,3,1,0,269,0,1,0,1,5,2,1,44,0.5
divya864@kotak,112,0.04,4,1,1,157,1,0,0,1,3,4,0,69,1.0
9766919489@okicici,29,0.03,3,0,1,342,0,1,1,3,1,2,1,38,0.5
rani93@canara,56586,28.83,2,0,0,3,0,1,1,4,3,1,0,42,0.5
mohit174@oksbi,247,0.11,3,0,1,62,0,0,1,3,2,0,1,31,0.5
geeta830@iob,303,0.15,3,0,0,340,0,1,0,1,2,2,0,17,0.0
vimla70@hdfc,5336,2.82,8,1,1,14,0,0,1,5,4,1,1,32,0.5
9805581157@iob,181,0.36,9,1,0,86,1,1,0,5,3,0,2,81,1.0
pallavi121@sbi,26,0.1,7,1,1,60,0,1,0,1,4,3,0,54,0.5
anita98@sbi,393,0.16,4,0,0,13,0,0,0,5,4,3,1,9,0.0
sachin620@iob,364,0.19,6,1,0,312,0,0,1,1,4,2,3,16,0.0
9431132661@axisbank,1462,0.61,9,0,0,310,0,1,1,4,1,4,1,51,0.5
dinesh70@sbi,2918,3.43,4,1,1,205,0,1,0,2,1,0,3,42,1.0
9394676626@pnb,41,0.08,8,1,1,152,0,1,1,1,5,1,1,59,1.0
bharti@ybl,29508,14.49,3,0,1,7,0,1,0,4,1,4,2,28,0.5
9989103909@axisbank,4849,2.48,7,0,1,123,0,0,0,1,3,0,1,12,0.0
9319260098@okhdfc,353,0.17,1,0,0,70,0,0,0,5,3,2,1,16,0.0
9538118081@waicici,3113,1.16,5,0,0,253,1,1,1,3,3,2,1,73,1.0
rajan@okhdfc,3539,1.59,6,1,1,145,0,1,0,4,4,1,1,33,0.5
9585015301@paytm,388,0.24,8,0,1,16,0,0,1,1,3,3,1,39,0.5
chanda335@mahb,293,0.2,7,0,0,162,0,1,1,1,3,4,3,26,0.0
9898664693@okhdfc,87530,166.09,4,1,0,188,0,1,1,1,3,3,0,58,1.0
seema764@upi,4980,12.42,10,1,1,166,0,0,0,4,3,4,3,38,1.0
9732396440@pnb,222,0.28,10,0,1,52,0,0,0,2,2,0,2,28,0.0
9520232091@iob,4098,4.8,7,0,1,236,0,0,0,5,5,1,2,7,0.5
vimla10@ybl,493,0.19,9,0,0,90,0,1,0,3,3,1,1,30,0.0
